Nombre,Precio,Memoria interna,Memoria RAM,Resolución de la cámara trasera principal,Resolución de la cámara frontal principal,Tamaño de la pantalla,Resolución de la pantalla,Capacidad de la batería,Peso,Altura x Ancho x Profundidad,Velocidad del GPU,Velocidad del procesador,Cantidad de núcleos del procesador,Modelo,Marca,Precio oficial
Xiaomi Redmi 9A Dual SIM 32 GB verde majestuoso 2 GB RAM,119,32 GB,2 GB,13 Mpx,5 Mpx,"6.53 """,720 px x 1600 px,5000 mAh,194 g,164.9 mm x 77.07 mm x 9 mm,650 MHz,2 GHz,8,9a,redmi,115.0
Xiaomi Redmi 9A Dual SIM 32 GB azul celeste 2 GB RAM,119,32 GB,2 GB,13 Mpx,5 Mpx,"6.53 """,720 px x 1600 px,5000 mAh,194 g,164.9 mm x 77.07 mm x 9 mm,650 MHz,2 GHz,8,9a,redmi,115.0
Xiaomi Redmi 9A Dual SIM 32 GB gris granito 2 GB RAM,119,32 GB,2 GB,13 Mpx,5 Mpx,"6.53 """,720 px x 1600 px,5000 mAh,194 g,164.9 mm x 77.07 mm x 9 mm,650 MHz,2 GHz,8,9a,redmi,115.0
Xiaomi Redmi 9A Dual SIM 64 GB gris granito 4 GB RAM,139,64 GB,4 GB,13 Mpx,5 Mpx,"6.53 """,720 px x 1600 px,5000 mAh,194 g,164.9 mm x 77.07 mm x 9 mm,650 MHz,2 GHz,8,9a,redmi,115.0
Celular Xiaomi Redmi 9a 4gb 64gb,139,64 GB,4 GB,13 Mpx,5 Mpx,"6.53 """,720 px x 1600 px,5000 mAh,194 g,164.9 mm x 77.07 mm x 9 mm,650 MHz,2 GHz,8,9a,redmi,115.0
Celular Xiaomi Redmi 9a 2gb 32gb,119,32 GB,2 GB,13 Mpx,5 Mpx,"6.53 """,720 px x 1600 px,5000 mAh,194 g,164.9 mm x 77.07 mm x 9 mm,650 MHz,2 GHz,8,9a,redmi,115.0
Celular Xiaomi 9a 32gb Dual Sim,119,32 GB,,13 Mpx,5 Mpx,"6.53 """,720 px x 1600 px,5000 mAh,194 g,164.9 mm x 77.07 mm x 9 mm,650 MHz,2 GHz,8,9a,redmi,115.0
Xiaomi Redmi 9a Dual Sim 32 Gb 2 Gb Ram 1 Año Garantía,114,32 GB,2 GB,13 Mpx,5 Mpx,"6.53 """,720 px x 1600 px,5000 mAh,194 g,164.9 mm x 77.07 mm x 9 mm,650 MHz,2 GHz,8,9a,redmi,115.0
Xiaomi Redmi 9a Dual Sim 32 Gb Azul Celeste 2 Gb Ram + Envio,95,32 GB,2 GB,13 Mpx,5 Mpx,"6.53 """,720 px x 1600 px,5000 mAh,194 g,164.9 mm x 77.07 mm x 9 mm,650 MHz,2 GHz,8,9a,redmi,115.0
Xiaomi Redmi 9a Dual Sim 32 Gb Gris Granito 2 Gb Ram,123,32 GB,2 GB,13 Mpx,5 Mpx,"6.53 """,720 px x 1600 px,5000 mAh,194 g,164.9 mm x 77.07 mm x 9 mm,650 MHz,2 GHz,8,9a,redmi,115.0
Xiaomi Redmi 9a 4gb Ram Y 64gb Rom,150,64 GB,4 GB,13 Mpx,5 Mpx,"6.53 """,720 px x 1600 px,5000 mAh,194 g,164.9 mm x 77.07 mm x 9 mm,650 MHz,2 GHz,8,9a,redmi,115.0
Xiaomi Redmi 9a 2gb Ram Y 32gb Rom,130,32 GB,2 GB,13 Mpx,5 Mpx,"6.53 """,720 px x 1600 px,5000 mAh,194 g,164.9 mm x 77.07 mm x 9 mm,650 MHz,2 GHz,8,9a,redmi,115.0
Xiaomi Redmi 9a 32gb 2gb Ram 13mpx 5000mah 6.53,105,32 GB,2 GB,13 Mpx,5 Mpx,"6.53 """,720 px x 1600 px,5000 mAh,194 g,164.9 mm x 77.07 mm x 9 mm,650 MHz,2 GHz,8,9a,redmi,115.0
Xiaomi Redmi 9a 32gb 2gb Ram 13mpx Y Otros,110,32 GB,2 GB,13 Mpx,5 Mpx,"6.53 """,720 px x 1600 px,5000 mAh,194 g,164.9 mm x 77.07 mm x 9 mm,650 MHz,2 GHz,8,9a,redmi,115.0
Microfono Para Celular Portable Boya By-m1 Cable 6 Mts,19,,,,,,,,,,,,,9a,redmi,115.0
"Realme C11 32gb , C21y 64gb Local Fisico",10,32 GB,2 GB,108 Mpx,16 Mpx,"6.8 """,,5000 mAh,194 g,168.86 mm x 76.67 mm x 8.77 mm,650 MHz,2.05 GHz,,9a,redmi,115.0
Xiaomi Redmi 9a Dual Sim 32 Gb Azul Celeste 2 Gb Ram,114,32 GB,2 GB,13 Mpx,5 Mpx,"6.53 """,720 px x 1600 px,5000 mAh,194 g,164.9 mm x 77.07 mm x 9 mm,650 MHz,2 GHz,8,9a,redmi,115.0
Xiaomi Redmi 9a Dual Sim 32 Gb Azul Celeste 2 Gb Ram,165,32 GB,2 GB,13 Mpx,5 Mpx,"6.53 """,720 px x 1600 px,5000 mAh,194 g,164.9 mm x 77.07 mm x 9 mm,650 MHz,2 GHz,8,9a,redmi,115.0
Xiaomi Redmi 9a Dual Sim 32 Gb Gris Granito 2 Gb Ram,165,32 GB,2 GB,13 Mpx,5 Mpx,"6.53 """,720 px x 1600 px,5000 mAh,194 g,164.9 mm x 77.07 mm x 9 mm,650 MHz,2 GHz,8,9a,redmi,115.0
Xiaomi Redmi 9a Dual Sim 32 Gb Azul Celeste 2 Gb Ram,100,32 GB,2 GB,13 Mpx,5 Mpx,"6.53 """,720 px x 1600 px,5000 mAh,194 g,164.9 mm x 77.07 mm x 9 mm,650 MHz,2 GHz,8,9a,redmi,115.0
Celular Xiaomi Redmi A1 2gb 32gb,109,32 GB,2 GB,,,,,,,,,,,a1,redmi,119.0
Celular Redmi A1,113,32 GB,2 GB,12 Mpx,5 Mpx,"5.5 """,1080 px x 1920 px,3080 mAh,165 g,155.4 mm x 75.8 mm x 7.3 mm,,2 GHz,8,a1,redmi,119.0
Redmi A1,115,64 GB,4 GB,12 Mpx,5 Mpx,"5.5 """,1080 px x 1920 px,3080 mAh,165 g,155.4 mm x 75.8 mm x 7.3 mm,,2 GHz,8,a1,redmi,119.0
Xiaomi Redmi 10A Dual SIM 64 GB gris grafito 3 GB RAM,141,64 GB,3 GB,13 Mpx,5 Mpx,"6.53 """,720 px x 1600 px,5000 mAh,194 g,164.9 mm x 77.07 mm x 9 mm,650 MHz,2 GHz,8,10a,redmi,159.0
Xiaomi Redmi 10A Dual SIM 128 GB gris grafito 4 GB RAM,159,128 GB,4 GB,13 Mpx,5 Mpx,"6.53 """,720 px x 1600 px,5000 mAh,194 g,164.9 mm x 77.07 mm x 9 mm,650 MHz,2 GHz,8,10a,redmi,159.0
Xiaomi Redmi 10A Dual SIM 64 GB plata cromada 3 GB RAM,141,64 GB,3 GB,13 Mpx,5 Mpx,"6.53 """,720 px x 1600 px,5000 mAh,194 g,164.9 mm x 77.07 mm x 9 mm,650 MHz,2 GHz,8,10a,redmi,159.0
Xiaomi Redmi 10A Dual SIM 32 GB plata cromada 2 GB RAM,139,32 GB,2 GB,13 Mpx,5 Mpx,"6.53 """,720 px x 1600 px,5000 mAh,194 g,164.9 mm x 77.07 mm x 9 mm,650 MHz,2 GHz,8,10a,redmi,159.0
Xiaomi Redmi 10A Dual SIM 64 GB azul celeste 3 GB RAM,141,64 GB,3 GB,13 Mpx,5 Mpx,"6.53 """,720 px x 1600 px,5000 mAh,194 g,164.9 mm x 77.07 mm x 9 mm,650 MHz,2 GHz,8,10a,redmi,159.0
Xiaomi Redmi 10A Dual SIM 32 GB gris grafito 2 GB RAM,139,32 GB,2 GB,13 Mpx,5 Mpx,"6.53 """,720 px x 1600 px,5000 mAh,194 g,164.9 mm x 77.07 mm x 9 mm,650 MHz,2 GHz,8,10a,redmi,159.0
Xiaomi Redmi 10a 64gb 3gb Ram 13mpx 5000mah 6.53 Pulgadas,122,64 GB,3 GB,13 Mpx,5 Mpx,"6.53 """,720 px x 1600 px,5000 mAh,194 g,164.9 mm x 77.07 mm x 9 mm,650 MHz,2 GHz,8,10a,redmi,159.0
Xiaomi Redmi 10a Dual Sim 64gb Y 3gb Ram,135,64 GB,3 GB,13 Mpx,5 Mpx,"6.53 """,720 px x 1600 px,5000 mAh,194 g,164.9 mm x 77.07 mm x 9 mm,650 MHz,2 GHz,8,10a,redmi,159.0
Xiaomi Redmi 10a 128gb 4gb Ram 13mpx 5000mah 6.53 Pulgadas,159,128 GB,4 GB,13 Mpx,5 Mpx,"6.53 """,720 px x 1600 px,5000 mAh,194 g,164.9 mm x 77.07 mm x 9 mm,650 MHz,2 GHz,8,10a,redmi,159.0
Xiaomi Redmi 10a Dual Sim 32gb 2gb Ram  1 Año Garantía,134,32 GB,2 GB,13 Mpx,5 Mpx,"6.53 """,720 px x 1600 px,5000 mAh,194 g,164.9 mm x 77.07 mm x 9 mm,650 MHz,2 GHz,8,10a,redmi,159.0
Celular Xiaomi Redmi 10a 3gb 64gb,141,64 GB,3 GB,13 Mpx,5 Mpx,"6.53 """,720 px x 1600 px,5000 mAh,194 g,164.9 mm x 77.07 mm x 9 mm,650 MHz,2 GHz,8,10a,redmi,159.0
"Celular Xiaomi Redmi 10a, 2gb, 32gb",139,32 GB,2 GB,13 Mpx,5 Mpx,"6.53 """,720 px x 1600 px,5000 mAh,194 g,164.9 mm x 77.07 mm x 9 mm,650 MHz,2 GHz,8,10a,redmi,159.0
Celular Xiaomi Redmi 10a 4gb + 128gb Dual Sim,160,128 GB,4 GB,13 Mpx,5 Mpx,"6.53 """,720 px x 1600 px,5000 mAh,194 g,164.9 mm x 77.07 mm x 9 mm,650 MHz,2 GHz,8,10a,redmi,159.0
Xiaomi Redmi 10a,155,64 GB,3 GB,13 Mpx,5 Mpx,"6.53 """,720 px x 1600 px,5000 mAh,194 g,164.9 mm x 77.07 mm x 9 mm,650 MHz,2 GHz,8,10a,redmi,159.0
Xiaomi Redmi 10a 64/3 Ram Batería: 5000 Mah,150,64 GB,3 GB,13 Mpx,5 Mpx,"6.53 """,720 px x 1600 px,5000 mAh,194 g,164.9 mm x 77.07 mm x 9 mm,650 MHz,2 GHz,8,10a,redmi,159.0
Xiaomi Redmi 10a 128gb/4gb Ram,109,128 GB,4 GB,13 Mpx,5 Mpx,6.53 pulgadas,720 px x 1600 px,5000 mAh,194 g,164.9 mm x 77.07 mm x 9 mm,650 MHz,2 GHz,8,10a,redmi,159.0
Xiaomi Redmi 10a Dual Sim 32 Gb Gris Grafito 2 Gb Ram,139,32 GB,2 GB,13 Mpx,5 Mpx,"6.53 """,720 px x 1600 px,5000 mAh,194 g,164.9 mm x 77.07 mm x 9 mm,650 MHz,2 GHz,8,10a,redmi,159.0
Xiaomi Redmi 10a Dual Sim 64 Gb Plata Cromada 4 Gb Ram,140,64 GB,4 GB,13 Mpx,5 Mpx,"6.53 """,720 px x 1600 px,5000 mAh,194 g,164.9 mm x 77.07 mm x 9 mm,650 MHz,2 GHz,8,10a,redmi,159.0
Xiaomi Redmi 9C Dual SIM 32 GB  gris medianoche 2 GB RAM,129,32 GB,2 GB,13 Mpx,5 Mpx,"6.53 """,720 px x 1600 px,5000 mAh,196 g,164.9 mm x 77.07 mm x 9 mm,680 MHz,2.3 GHz,8,9c,redmi,169.0
Xiaomi Redmi 9C Dual SIM 128 GB  gris medianoche 4 GB RAM,159,128 GB,4 GB,13 Mpx,5 Mpx,"6.53 """,720 px x 1600 px,5000 mAh,196 g,164.9 mm x 77.07 mm x 9 mm,680 MHz,2.3 GHz,8,9c,redmi,169.0
Xiaomi Redmi 9C Dual SIM 64 GB  gris medianoche 3 GB RAM,149,64 GB,3 GB,13 Mpx,5 Mpx,"6.53 """,720 px x 1600 px,5000 mAh,196 g,164.9 mm x 77.07 mm x 9 mm,680 MHz,2.3 GHz,8,9c,redmi,169.0
Xiaomi Redmi 9c Dual Sim 128 Gb 4 Gb Ram 1 A Ñ O De Garantia,159,128 GB,4 GB,12 Mpx,8 Mpx,6.22 pulgadas,1080 px x 2160 px,3000 mAh,172 g,159.9 mm x 75.5 mm x 8 mm,680 MHz,1.8 GHz,8,9c,redmi,169.0
Celular Xiaomi Redmi 9c 64gb Dual Sim,145,64 GB,3 GB,13 Mpx,5 Mpx,"6.53 """,720 px x 1600 px,5000 mAh,196 g,164.9 mm x 77.07 mm x 9 mm,680 MHz,2.3 GHz,8,9c,redmi,169.0
Celular Xiaomi Redmi 9c 4gb 128gb,159,128 GB,4 GB,13 Mpx,5 Mpx,"6.53 """,720 px x 1600 px,5000 mAh,196 g,164.9 mm x 77.07 mm x 9 mm,680 MHz,2.3 GHz,8,9c,redmi,169.0
Celular Xiaomi Redmi 9c 2gb 32gb,129,32 GB,2 GB,13 Mpx,5 Mpx,"6.53 """,720 px x 1600 px,5000 mAh,196 g,164.9 mm x 77.07 mm x 9 mm,680 MHz,2.3 GHz,8,9c,redmi,169.0
Celular Xiaomi Redmi 9c,165,128 GB,4 GB,13 Mpx,5 Mpx,"6.53 """,720 px x 1600 px,5000 mAh,196 g,164.9 mm x 77.07 mm x 9 mm,680 MHz,2.3 GHz,8,9c,redmi,169.0
Celular Xiaomi Redmi 9c 3gb 64gb,149,64 GB,3 GB,13 Mpx,5 Mpx,"6.53 """,720 px x 1600 px,5000 mAh,196 g,164.9 mm x 77.07 mm x 9 mm,680 MHz,2.3 GHz,8,9c,redmi,169.0
Xiaomi Redmi 9c 64gb Y 3gb De Ram,139,64 GB,3 GB,13 Mpx,5 Mpx,"6.53 """,720 px x 1600 px,5000 mAh,196 g,164.9 mm x 77.07 mm x 9 mm,680 MHz,2.3 GHz,8,9c,redmi,169.0
Xiaomi Redmi 9c Dual Sim 64 Gb 3 Gb Ram 1 A Ñ O De Garantía,139,64 GB,3 GB,13 Mpx,5 Mpx,"6.53 """,720 px x 1600 px,5000 mAh,196 g,164.9 mm x 77.07 mm x 9 mm,680 MHz,2.3 GHz,8,9c,redmi,169.0
Xiaomi Redmi 9c 64gb 3gb Ram 13mpx 5000mah 6.53 Pulgadas,139,64 GB,3 GB,13 Mpx,5 Mpx,"6.53 """,720 px x 1600 px,5000 mAh,196 g,164.9 mm x 77.07 mm x 9 mm,680 MHz,2.3 GHz,8,9c,redmi,169.0
Celular Xiaomi Redmi 9c 128gb,168,128 GB,4 GB,13 Mpx,5 Mpx,"6.53 """,720 px x 1600 px,5000 mAh,196 g,164.9 mm x 77.07 mm x 9 mm,680 MHz,2.3 GHz,8,9c,redmi,169.0
Xiaomi Redmi 10c 4 Ram/128gb,200,128 GB,4 GB,50 Mpx,5 Mpx,"6.71 """,720 px x 1600 px,5000 mAh,196 g,164.9 mm x 77.07 mm x 9 mm,680 MHz,2.3 GHz,8,9c,redmi,169.0
"Xiaomi Redmi 9c, 9a, 10c, 10pro, Note 11, 11s, 11pro, X4 Pro",135,6 GB,3 GB,13 Mpx,5 Mpx,"6.53 """,720 px x 1600 px,5000 mAh,196 g,164.9 mm x 77.07 mm x 9 mm,680 MHz,2.3 GHz,8,9c,redmi,169.0
Xiaomi Redmi 9c De 64gb Y 128gb 4gb Ram Nuevos Originales,134,128 GB,4 GB,13 Mpx,5 Mpx,6.53 pulgadas,720 px x 1600 px,5000 mAh,196 g,164.9 mm x 77.07 mm x 9 mm,680 MHz,2.3 GHz,8,9c,redmi,169.0
Celular Xiami Redmi 9c Poco Uso $125,125,64 GB,3 GB,13 Mpx,5 Mpx,"6.53 """,720 px x 1600 px,5000 mAh,196 g,164.9 mm x 77.07 mm x 9 mm,680 MHz,2.3 GHz,8,9c,redmi,169.0
Xiaomi Redmi 9c - Gris,110,64 GB,3 GB,13 Mpx,5 Mpx,"6.53 """,720 px x 1600 px,5000 mAh,196 g,164.9 mm x 77.07 mm x 9 mm,680 MHz,2.3 GHz,8,9c,redmi,169.0
"Xiamo Redmi 9c, Color Gris",175,,,,,,,,,,,,,9c,redmi,169.0
Xiaomi Redmi Note 11 Pro Dual SIM 128 GB azul estelar 8 GB RAM,314,128 GB,8 GB,108 Mpx,16 Mpx,"6.67 """,1080 px x 2400 px,5000 mAh,202 g,164.19 mm x 76.1 mm x 8.12 mm,,2.05 GHz,8,note-11,redmi,195.0
Xiaomi Redmi Note 11 Pro Dual SIM 128 GB azul estelar 6 GB RAM,294,128 GB,6 GB,108 Mpx,16 Mpx,"6.67 """,1080 px x 2400 px,5000 mAh,202 g,164.19 mm x 76.1 mm x 8.12 mm,,2.05 GHz,8,note-11,redmi,195.0
Xiaomi Redmi Note 11 Pro+ 5G (Snapdragon) Dual SIM 128 GB stealth black 6 GB RAM,309,128 GB,6 GB,108 Mpx,16 Mpx,"6.67 """,1080 px x 2400 px,5000 mAh,202 g,164.2 mm x 76.1 mm x 8.1 mm,840 MHz,2.2 GHz,8,note-11,redmi,195.0
Xiaomi Redmi Note 11 Pro Dual SIM 128 GB gris grafito 8 GB RAM,314,128 GB,8 GB,108 Mpx,16 Mpx,"6.67 """,1080 px x 2400 px,5000 mAh,202 g,164.19 mm x 76.1 mm x 8.12 mm,,2.05 GHz,8,note-11,redmi,195.0
Xiaomi Redmi Note 11S Dual SIM 128 GB azul ocaso 8 GB RAM,274,128 GB,8 GB,108 Mpx,16 Mpx,"6.43 """,1080 px x 2400 px,5000 mAh,179 g,159.87 mm x 73.87 mm x 8.09 mm,,2.05 GHz,8,note-11,redmi,195.0
Xiaomi Redmi Note 11S Dual SIM 128 GB gris grafito 6 GB RAM,249,128 GB,6 GB,108 Mpx,16 Mpx,"6.43 """,1080 px x 2400 px,5000 mAh,179 g,159.87 mm x 73.87 mm x 8.09 mm,,2.05 GHz,8,note-11,redmi,195.0
Xiaomi Redmi Note 11 (Snapdragon) Dual SIM 128 GB azul estelar 4 GB RAM,190,128 GB,4 GB,50 Mpx,13 Mpx,"6.43 """,1080 px x 2400 px,5000 mAh,179 g,159.87 mm x 73.87 mm x 8.09 mm,,2.4 GHz,8,note-11,redmi,195.0
Xiaomi Redmi Note 11 Pro 5G (Global) Dual SIM 128 GB gris grafito 8 GB RAM,325,128 GB,8 GB,108 Mpx,16 Mpx,"6.67 """,1080 px x 2400 px,5000 mAh,202 g,164.19 mm x 76.1 mm x 8.12 mm,840 MHz,2.2 GHz,8,note-11,redmi,195.0
Xiaomi Redmi Note 11 (Snapdragon) Dual SIM 128 GB gris grafito 6 GB RAM,179,128 GB,6 GB,50 Mpx,13 Mpx,"6.43 """,1080 px x 2400 px,5000 mAh,179 g,159.87 mm x 73.87 mm x 8.09 mm,,2.4 GHz,8,note-11,redmi,195.0
Xiaomi Redmi Note 11S Dual SIM 128 GB gris grafito 8 GB RAM,251,128 GB,8 GB,108 Mpx,16 Mpx,"6.43 """,1080 px x 2400 px,5000 mAh,179 g,159.87 mm x 73.87 mm x 8.09 mm,,2.05 GHz,8,note-11,redmi,195.0
Xiaomi Redmi Note 11 (Snapdragon) Dual SIM 128 GB gris grafito 4 GB RAM,214,128 GB,4 GB,50 Mpx,13 Mpx,"6.43 """,1080 px x 2400 px,5000 mAh,179 g,159.87 mm x 73.87 mm x 8.09 mm,,2.4 GHz,8,note-11,redmi,195.0
Xiaomi Redmi Note 11S Dual SIM 128 GB blanco perla 6 GB RAM,249,128 GB,6 GB,108 Mpx,16 Mpx,"6.43 """,1080 px x 2400 px,5000 mAh,179 g,159.87 mm x 73.87 mm x 8.09 mm,,2.05 GHz,8,note-11,redmi,195.0
Xiaomi Redmi Note 11 (Snapdragon) Dual SIM 128 GB azul ocaso 4 GB RAM,214,128 GB,4 GB,50 Mpx,13 Mpx,"6.43 """,1080 px x 2400 px,5000 mAh,179 g,159.87 mm x 73.87 mm x 8.09 mm,,2.4 GHz,8,note-11,redmi,195.0
Xiaomi Redmi Note 11S Dual SIM 128 GB azul ocaso 6 GB RAM,249,128 GB,6 GB,108 Mpx,16 Mpx,"6.43 """,1080 px x 2400 px,5000 mAh,179 g,159.87 mm x 73.87 mm x 8.09 mm,,2.05 GHz,8,note-11,redmi,195.0
Xiaomi Redmi Note 11 (Snapdragon) Dual SIM 128 GB azul estelar 6 GB RAM,229,128 GB,6 GB,50 Mpx,13 Mpx,"6.43 """,1080 px x 2400 px,5000 mAh,179 g,159.87 mm x 73.87 mm x 8.09 mm,,2.4 GHz,8,note-11,redmi,195.0
Xiaomi Redmi Note 11 Pro Dual SIM 128 GB gris grafito 6 GB RAM,294,128 GB,6 GB,108 Mpx,16 Mpx,"6.67 """,1080 px x 2400 px,5000 mAh,202 g,164.19 mm x 76.1 mm x 8.12 mm,,2.05 GHz,8,note-11,redmi,195.0
Xiaomi Redmi Note 11 Pro Dual SIM 128 GB blanco polar 6 GB RAM,294,128 GB,6 GB,108 Mpx,16 Mpx,"6.67 """,1080 px x 2400 px,5000 mAh,202 g,164.19 mm x 76.1 mm x 8.12 mm,,2.05 GHz,8,note-11,redmi,195.0
Xiaomi Redmi Note 11 Pro Dual SIM 128 GB blanco polar 8 GB RAM,314,128 GB,8 GB,108 Mpx,16 Mpx,"6.67 """,1080 px x 2400 px,5000 mAh,202 g,164.19 mm x 76.1 mm x 8.12 mm,,2.05 GHz,8,note-11,redmi,195.0
Xiaomi Redmi Note 11S Dual SIM 128 GB blanco perla 8 GB RAM,274,128 GB,8 GB,108 Mpx,16 Mpx,"6.43 """,1080 px x 2400 px,5000 mAh,179 g,159.87 mm x 73.87 mm x 8.09 mm,,2.05 GHz,8,note-11,redmi,195.0
Xiaomi Redmi Note 11 (Snapdragon) Dual SIM 128 GB azul ocaso 6 GB RAM,229,128 GB,6 GB,50 Mpx,13 Mpx,"6.43 """,1080 px x 2400 px,5000 mAh,179 g,159.87 mm x 73.87 mm x 8.09 mm,,2.4 GHz,8,note-11,redmi,195.0
Xiaomi Redmi Note 11 Pro Dual SIM 64 GB gris grafito 6 GB RAM,344,64 GB,6 GB,108 Mpx,16 Mpx,"6.67 """,1080 px x 2400 px,5000 mAh,202 g,164.19 mm x 76.1 mm x 8.12 mm,,2.05 GHz,8,note-11,redmi,195.0
Xiaomi Note 11 Pro 128gb 6gbram 108mpx 5g 5000mah Local,309,128 GB,6 GB,50 Mpx,16 Mpx,"6.6 """,1080 px x 2400 px,5000 mAh,195 g,163.56 mm x 75.78 mm x 8.75 mm,,2.4 GHz,8,note-11,redmi,195.0
Xiaomi Redmi Note 11 Pro 5G (Global) Dual SIM 128 GB gris grafito 6 GB RAM,326,128 GB,6 GB,108 Mpx,16 Mpx,"6.67 """,1080 px x 2400 px,5000 mAh,202 g,164.19 mm x 76.1 mm x 8.12 mm,840 MHz,2.2 GHz,8,note-11,redmi,195.0
Redmi 11 Pro+ 5g (snapdragon) Dual Sim 128gb Black 6 Gb Ram,309,128 GB,6 GB,108 Mpx,16 Mpx,"6.67 """,1080 px x 2400 px,5000 mAh,202 g,164.2 mm x 76.1 mm x 8.1 mm,840 MHz,2.2 GHz,8,note-11,redmi,195.0
Xiaomi Redmi Note 11s Dual 128 Gb Gris Grafito 8gb Ram Local,259,128 GB,8 GB,108 Mpx,16 Mpx,"6.43 """,1080 px x 2400 px,5000 mAh,179 g,159.87 mm x 73.87 mm x 8.09 mm,,2.05 GHz,8,note-11,redmi,195.0
Xiaomi Redmi Note 11 Pro 5g 128gb Y 6gb Ram,309,128 GB,6 GB,108 Mpx,16 Mpx,"6.67 """,1080 px x 2400 px,5000 mAh,202 g,164.19 mm x 76.1 mm x 8.12 mm,,2.05 GHz,8,note-11,redmi,195.0
Celular Xiaomi Redmi Note 11 4gb-128gb,208,4 GB,,50 Mpx,13 Mpx,"6.43 """,1080 px x 2400 px,5000 mAh,179 g,159.87 mm x 73.87 mm x 8.09 mm,,2.4 GHz,8,note-11,redmi,195.0
"Xiaomi Note 11s 6gb/128gb Liberado, En Promoción",180,128 GB,6 GB,108 Mpx,16 Mpx,"6.43 """,1080 px x 2400 px,5000 mAh,179 g,159.87 mm x 73.87 mm x 8.09 mm,,2.05 GHz,8,note-11,redmi,195.0
Xiaomi Redmi Note 11 Pro 5g 128gb 108mp 6ram +garantia 1 Año,324,128 GB,6 GB,108 Mpx,16 Mpx,"6.67 """,1080 px x 2400 px,5000 mAh,202 g,164.19 mm x 76.1 mm x 8.12 mm,,2.05 GHz,8,note-11,redmi,195.0
"Xiaomi Redmi 9a 9c Note 11 Nuevos, Importados Legalmente",109,64 GB,4 GB,12 Mpx,24 Mpx,6.67 pulgadas,1080 px x 2340 px,4000 mAh,169 g,156.4 mm x 75.8 mm x 7.5 mm,,2.2 GHz,8,note-11,redmi,195.0
Xiaomi Redmi Note 11 Pro 5g 128gb 108mp 8ram +garantía 1 Año,354,128 GB,8 GB,108 Mpx,16 Mpx,"6.67 """,1080 px x 2400 px,5000 mAh,202 g,164.19 mm x 76.1 mm x 8.12 mm,670 MHz,2.05 GHz,8,note-11,redmi,195.0
Xiaomi Redmi Note 11s Dual Sim 128 Gb Y 8 Gb Ram,259,128 GB,8 GB,108 Mpx,16 Mpx,"6.43 """,1080 px x 2400 px,5000 mAh,179 g,159.87 mm x 73.87 mm x 8.09 mm,,2.05 GHz,8,note-11,redmi,195.0
Xiaomi Note 11 128g 6gb+2gb Ram 50mpx 5000mah 6.43 Pulgadas,225,128 GB,6 GB,50 Mpx,13 Mpx,"6.43 """,1080 px x 2400 px,5000 mAh,179 g,159.87 mm x 73.87 mm x 8.09 mm,,2.4 GHz,8,note-11,redmi,195.0
Xiaomi Redmi Note 11 Pro 5G (Global) Dual SIM 128 GB azul atlántico 8 GB RAM,349,128 GB,8 GB,108 Mpx,16 Mpx,"6.67 """,1080 px x 2400 px,5000 mAh,202 g,164.19 mm x 76.1 mm x 8.12 mm,840 MHz,2.2 GHz,8,note-11,redmi,195.0
Xiaomi Redmi Note 11 Pro 5G (Global) Dual SIM 128 GB blanco polar 8 GB RAM,349,128 GB,8 GB,108 Mpx,16 Mpx,"6.67 """,1080 px x 2400 px,5000 mAh,202 g,164.19 mm x 76.1 mm x 8.12 mm,840 MHz,2.2 GHz,8,note-11,redmi,195.0
Xiaomi Redmi Note 11 Pro 5G (Snapdragon) Dual SIM 128 GB azul atlántico 6 GB RAM,326,128 GB,6 GB,108 Mpx,16 Mpx,"6.67 """,1080 px x 2400 px,5000 mAh,202 g,164.19 mm x 76.1 mm x 8.12 mm,840 MHz,2.2 GHz,8,note-11,redmi,195.0
Xiaomi Redmi Note 11 Pro 5g 128 Gb + 8 Gb Cámara 108 Mpx,344,64 GB,6 GB,108 Mpx,16 Mpx,"6.67 """,1080 px x 2400 px,5000 mAh,202 g,164.19 mm x 76.1 mm x 8.12 mm,840 MHz,2.05 GHz,8,note-11,redmi,195.0
Xiaomi Redmi Note 11E 5G Dual SIM 128 GB gray 4 GB RAM,194,128 GB,4 GB,50 Mpx,5 Mpx,"6.58 """,1080 px x 2408 px,5000 mAh,200 g,163.99 mm x 76.09 mm x 8.9 mm,950 GHz,2.2 GHz,8,note-11,redmi,195.0
Celular Xiaomi Redmi Note 11 Pro Plus 6gb 128gb,414,128 GB,6 GB,108 Mpx,16 Mpx,"6.67 """,1080 px x 2400 px,5000 mAh,202 g,164.2 mm x 76.1 mm x 8.1 mm,840 MHz,2.2 GHz,8,note-11,redmi,195.0
Xiaomi Redmi Note 11 Pro 5G (Snapdragon) Dual SIM 128 GB blanco polar 6 GB RAM,326,128 GB,6 GB,108 Mpx,16 Mpx,"6.67 """,1080 px x 2400 px,5000 mAh,202 g,164.19 mm x 76.1 mm x 8.12 mm,840 MHz,2.2 GHz,8,note-11,redmi,195.0
Xiaomi Redmi Note 11s Dual  128 Gb Gris  6gb Ram Local,245,128 GB,6 GB,108 Mpx,16 Mpx,"6.43 """,1080 px x 2400 px,5000 mAh,179 g,159.87 mm x 73.87 mm x 8.09 mm,,2.05 GHz,8,note-11,redmi,195.0
Xiaomi Redmi Note 11 (snapdragon) Dual Sim 128 Gb Y 4 Gb Ram,209,128 GB,4 GB,50 Mpx,13 Mpx,"6.43 """,1080 px x 2400 px,5000 mAh,179 g,159.87 mm x 73.87 mm x 8.09 mm,,2.4 GHz,8,note-11,redmi,195.0
"Celular Xiaomi Note 11 Pro 4g 6gb, 128gb",299,128 GB,6 GB,108 Mpx,16 Mpx,"6.67 """,1080 px x 2400 px,5000 mAh,202 g,164.19 mm x 76.1 mm x 8.12 mm,,2.05 GHz,8,note-11,redmi,195.0
Celular Xiaomi Redmi Note 11 Pro 5g 8gb 128gb,349,,,,,,,,,,,,,note-11,redmi,195.0
Xiaomi Redmi Note 11s - 128/8gb -108mpx - 5000mah + Obsequio,261,128 GB,8 GB,108 Mpx,16 Mpx,"6.43 """,1080 px x 2400 px,5000 mAh,179 g,159.87 mm x 73.87 mm x 8.09 mm,,2.05 GHz,8,note-11,redmi,195.0
Xiaomi Redmi Note 11 - 128/4gb - 50mpx - 5000mah + Obsequio,229,128 GB,4 GB,50 Mpx,13 Mpx,"6.43 """,1080 px x 2400 px,5000 mAh,179 g,159.87 mm x 73.87 mm x 8.09 mm,,2.4 GHz,8,note-11,redmi,195.0
Celular Xiaomi Redmi Note 11 Pro 4g 8gb + 128gb Gray,315,128 GB,8 GB,108 Mpx,16 Mpx,"6.67 """,1080 px x 2400 px,5000 mAh,202 g,164.19 mm x 76.1 mm x 8.12 mm,,2.05 GHz,8,note-11,redmi,195.0
Celular Xiaomi Redmi Note 11 Pro 5g 6gb 128gb,326,128 GB,6 GB,108 Mpx,16 Mpx,"6.67 """,1080 px x 2400 px,5000 mAh,202 g,164.19 mm x 76.1 mm x 8.12 mm,840 MHz,2.2 GHz,8,note-11,redmi,195.0
Celular Xiaomi Redmi Note 11 4gb 128gb,214,128 GB,4 GB,50 Mpx,13 Mpx,"6.43 """,1080 px x 2400 px,5000 mAh,179 g,159.87 mm x 73.87 mm x 8.09 mm,1000 GHz,2.4 GHz,8,note-11,redmi,195.0
Celular Xiaomi Redmi Note 11s 6gb 128gb,249,128 GB,6 GB,108 Mpx,16 Mpx,"6.43 """,1080 px x 2400 px,5000 mAh,179 g,159.87 mm x 73.87 mm x 8.09 mm,,2.05 GHz,8,note-11,redmi,195.0
Xiaomi Redmi 10C Dual SIM 128 GB gris grafito 4 GB RAM,173,128 GB,4 GB,50 Mpx,5 Mpx,"6.71 """,720 px x 1650 px,5000 mAh,190 g,169.59 mm x 76.56 mm x 8.29 mm,1100 MHz,2.4 GHz,8,10c,redmi,199.0
Xiaomi Redmi 10C Dual SIM 64 GB gris grafito 4 GB RAM,164,64 GB,4 GB,50 Mpx,5 Mpx,"6.71 """,720 px x 1650 px,5000 mAh,190 g,169.59 mm x 76.56 mm x 8.29 mm,1100 MHz,2.4 GHz,8,10c,redmi,199.0
Xiaomi Redmi 10C Dual SIM 128 GB azul océano 4 GB RAM,173,128 GB,4 GB,50 Mpx,5 Mpx,"6.71 """,720 px x 1650 px,5000 mAh,190 g,169.59 mm x 76.56 mm x 8.29 mm,1100 MHz,2.4 GHz,8,10c,redmi,199.0
Xiaomi Redmi 10C Dual SIM 128 GB verde menta 4 GB RAM,173,128 GB,4 GB,50 Mpx,5 Mpx,"6.71 """,720 px x 1650 px,5000 mAh,190 g,169.59 mm x 76.56 mm x 8.29 mm,1100 MHz,2.4 GHz,8,10c,redmi,199.0
Xiaomi Redmi 10C Dual SIM 64 GB verde menta 4 GB RAM,164,64 GB,4 GB,50 Mpx,5 Mpx,"6.71 """,720 px x 1650 px,5000 mAh,190 g,169.59 mm x 76.56 mm x 8.29 mm,1100 MHz,2.4 GHz,8,10c,redmi,199.0
Xiaomi Redmi 10C Dual SIM 64 GB azul océano 4 GB RAM,164,64 GB,4 GB,50 Mpx,5 Mpx,"6.71 """,720 px x 1650 px,5000 mAh,190 g,169.59 mm x 76.56 mm x 8.29 mm,1100 MHz,2.4 GHz,8,10c,redmi,199.0
Xiaomi Redmi 10c - 128/4gb - 50mpx - 5000mah + Obsequio,177,128 GB,4 GB,50 Mpx,5 Mpx,"6.71 """,720 px x 1650 px,5000 mAh,190 g,169.59 mm x 76.56 mm x 8.29 mm,1100 MHz,2.4 GHz,8,10c,redmi,199.0
"Xiaomi Redmi 10c 64gb 4gb 50mpx 500mah 6,71 18w",147,64 GB,4 GB,50 Mpx,5 Mpx,"6.71 """,720 px x 1650 px,5000 mAh,190 g,169.59 mm x 76.56 mm x 8.29 mm,1100 MHz,2.4 GHz,8,10c,redmi,199.0
"Xiaomi Redmi 10c 128gb 4gb 50mpx 500mah 6,71 18w",155,128 GB,4 GB,50 Mpx,5 Mpx,"6.71 """,720 px x 1650 px,5000 mAh,190 g,169.59 mm x 76.56 mm x 8.29 mm,1100 MHz,2.4 GHz,8,10c,redmi,199.0
Xiaomi Redmi 10c Dual Sim 128 Gb **oficina Real**,149,128 GB,4 GB,50 Mpx,5 Mpx,"6.71 """,720 px x 1650 px,5000 mAh,190 g,169.59 mm x 76.56 mm x 8.29 mm,1100 MHz,2.4 GHz,8,10c,redmi,199.0
Celular Xiaomi Redmi 10c 4gb 64gb,164,64 GB,4 GB,50 Mpx,5 Mpx,"6.71 """,720 px x 1650 px,5000 mAh,190 g,169.59 mm x 76.56 mm x 8.29 mm,1100 MHz,2.4 GHz,8,10c,redmi,199.0
Celular Xiaomi Redmi 10c 4gb 128gb,173,128 GB,4 GB,50 Mpx,5 Mpx,"6.71 """,720 px x 1650 px,5000 mAh,190 g,169.59 mm x 76.56 mm x 8.29 mm,1100 MHz,2.4 GHz,8,10c,redmi,199.0
Xiaomi Redmi 10c 128gb Mica Hidrogel * Oficina  Presencial *,299,128 GB,4 GB,50 Mpx,5 Mpx,"6.71 """,720 px x 1650 px,5000 mAh,190 g,169.59 mm x 76.56 mm x 8.29 mm,1100 MHz,2.4 GHz,8,10c,redmi,199.0
Xiaomi Redmi 10c - 64/4gb - 50mpx - 5000mah + Obsequio,166,64 GB,4 GB,50 Mpx,5 Mpx,"6.71 """,720 px x 1650 px,5000 mAh,190 g,169.59 mm x 76.56 mm x 8.29 mm,1100 MHz,2.4 GHz,8,10c,redmi,199.0
"Celular Xiaomi Redmi 10c 4gb, 64gb, Dual Sim",158,64 GB,4 GB,50 Mpx,5 Mpx,"6.71 """,720 px x 1650 px,5000 mAh,190 g,169.59 mm x 76.56 mm x 8.29 mm,1100 MHz,2.4 GHz,8,10c,redmi,199.0
Xiaomi Redmi 10c 128gb 4gb Ram  Año Garantía Crédito Directo,174,128 GB,4 GB,50 Mpx,5 Mpx,"6.71 """,720 px x 1650 px,5000 mAh,190 g,169.59 mm x 76.56 mm x 8.29 mm,1100 MHz,2.4 GHz,8,10c,redmi,199.0
Xiaomi Redmi 10 C 128gb/6gb Ram Totalmente Nuevo.,160,128 GB,6 GB,50 Mpx,5 Mpx,6.5 pulgadas,720 px x 1650 px,5000 mAh,190 g,169.59 mm x 76.56 mm x 8.29 mm,1100 MHz,2.4 GHz,8,10c,redmi,199.0
Celular Xiaomi Redmi 10 C,189,64 GB,4 GB,50 Mpx,5 Mpx,"6.71 """,720 px x 1650 px,5000 mAh,190 g,169.59 mm x 76.56 mm x 8.29 mm,1100 MHz,2.4 GHz,8,10c,redmi,199.0
Xiaomi Redmi 10c Dual Sim 128 Gb Gris Grafito 4 Gb Ram,189,128 GB,4 GB,50 Mpx,5 Mpx,"6.71 """,720 px x 1650 px,5000 mAh,190 g,169.59 mm x 76.56 mm x 8.29 mm,1100 MHz,2.4 GHz,8,10c,redmi,199.0
Xiaomi Redmi 10c Dual Sim 64 Gb Gris Grafito 4 Gb Ram,164,64 GB,4 GB,50 Mpx,5 Mpx,"6.71 """,720 px x 1650 px,5000 mAh,190 g,169.59 mm x 76.56 mm x 8.29 mm,1100 MHz,2.4 GHz,8,10c,redmi,199.0
Celular Xiaomi Redmi 10c 128gb Mint Green,180,128 GB,4 GB,50 Mpx,5 Mpx,"6.71 """,720 px x 1650 px,5000 mAh,190 g,169.59 mm x 76.56 mm x 8.29 mm,1100 MHz,2.4 GHz,8,10c,redmi,199.0
Xiaomi Redmi 10c De 128gb Y 64gb 4gb Ram 50mpx Sellados,144,128 GB,4 GB,5 Mpx,5 Mpx,6.71 pulgadas,1650 px x 720 px,5000 mAh,190 g,169.59 mm x 76.56 mm x 8.29 mm,1100 MHz,2.4 GHz,8,10c,redmi,199.0
Redmi 10c 128gb/4gb Ram Totalmente Nuevo Y Sellado,200,128 GB,4 GB,,,,,,,,,,,10c,redmi,199.0
Vendo Xiaomi Redmi 10c,160,128 GB,4 GB,50 Mpx,5 Mpx,"6.71 """,720 px x 1650 px,5000 mAh,190 g,169.59 mm x 76.56 mm x 8.29 mm,1100 MHz,2.4 GHz,8,10c,redmi,199.0
Xiaomi Redmi 10C Dual SIM 128 GB gris grafito 4 GB RAM,173,128 GB,4 GB,50 Mpx,5 Mpx,"6.71 """,720 px x 1650 px,5000 mAh,190 g,169.59 mm x 76.56 mm x 8.29 mm,1100 MHz,2.4 GHz,8,10-(2022),redmi,239.0
Xiaomi Redmi 10C Dual SIM 64 GB gris grafito 4 GB RAM,164,64 GB,4 GB,50 Mpx,5 Mpx,"6.71 """,720 px x 1650 px,5000 mAh,190 g,169.59 mm x 76.56 mm x 8.29 mm,1100 MHz,2.4 GHz,8,10-(2022),redmi,239.0
Xiaomi Redmi 10A Dual SIM 64 GB gris grafito 3 GB RAM,141,64 GB,3 GB,13 Mpx,5 Mpx,"6.53 """,720 px x 1600 px,5000 mAh,194 g,164.9 mm x 77.07 mm x 9 mm,650 MHz,2 GHz,8,10-(2022),redmi,239.0
Xiaomi Redmi 10A Dual SIM 128 GB gris grafito 4 GB RAM,159,128 GB,4 GB,13 Mpx,5 Mpx,"6.53 """,720 px x 1600 px,5000 mAh,194 g,164.9 mm x 77.07 mm x 9 mm,650 MHz,2 GHz,8,10-(2022),redmi,239.0
Xiaomi Redmi Note 11 (Snapdragon) Dual SIM 128 GB gris grafito 6 GB RAM,179,128 GB,6 GB,50 Mpx,13 Mpx,"6.43 """,1080 px x 2400 px,5000 mAh,179 g,159.87 mm x 73.87 mm x 8.09 mm,,2.4 GHz,8,10-(2022),redmi,239.0
Xiaomi Redmi 10 20 Dual SIM 128 GB gris carbón 4 GB RAM,194,128 GB,4 GB,50 Mpx,8 Mpx,"6.5 """,1080 px x 2400 px,5000 mAh,181 g,161.95 mm x 73.53 mm x 8.92 mm,820 MHz,2 GHz,8,10-(2022),redmi,239.0
Xiaomi Redmi 10A Dual SIM 64 GB plata cromada 3 GB RAM,141,64 GB,3 GB,13 Mpx,5 Mpx,"6.53 """,720 px x 1600 px,5000 mAh,194 g,164.9 mm x 77.07 mm x 9 mm,650 MHz,2 GHz,8,10-(2022),redmi,239.0
Xiaomi Redmi 10 20 Dual SIM 128 GB azul marítimo 4 GB RAM,194,128 GB,4 GB,50 Mpx,8 Mpx,"6.5 """,1080 px x 2400 px,5000 mAh,181 g,161.95 mm x 73.53 mm x 8.92 mm,820 MHz,2 GHz,8,10-(2022),redmi,239.0
Xiaomi Redmi 10C Dual SIM 128 GB azul océano 4 GB RAM,173,128 GB,4 GB,50 Mpx,5 Mpx,"6.71 """,720 px x 1650 px,5000 mAh,190 g,169.59 mm x 76.56 mm x 8.29 mm,1100 MHz,2.4 GHz,8,10-(2022),redmi,239.0
Xiaomi Redmi 10A Dual SIM 32 GB plata cromada 2 GB RAM,139,32 GB,2 GB,13 Mpx,5 Mpx,"6.53 """,720 px x 1600 px,5000 mAh,194 g,164.9 mm x 77.07 mm x 9 mm,650 MHz,2 GHz,8,10-(2022),redmi,239.0
Xiaomi Redmi 10A Dual SIM 64 GB azul celeste 3 GB RAM,141,64 GB,3 GB,13 Mpx,5 Mpx,"6.53 """,720 px x 1600 px,5000 mAh,194 g,164.9 mm x 77.07 mm x 9 mm,650 MHz,2 GHz,8,10-(2022),redmi,239.0
Xiaomi Redmi Note 11S Dual SIM 128 GB gris grafito 8 GB RAM,251,128 GB,8 GB,108 Mpx,16 Mpx,"6.43 """,1080 px x 2400 px,5000 mAh,179 g,159.87 mm x 73.87 mm x 8.09 mm,,2.05 GHz,8,10-(2022),redmi,239.0
Xiaomi Redmi 10C Dual SIM 128 GB verde menta 4 GB RAM,173,128 GB,4 GB,50 Mpx,5 Mpx,"6.71 """,720 px x 1650 px,5000 mAh,190 g,169.59 mm x 76.56 mm x 8.29 mm,1100 MHz,2.4 GHz,8,10-(2022),redmi,239.0
Xiaomi Redmi 10C Dual SIM 64 GB verde menta 4 GB RAM,164,64 GB,4 GB,50 Mpx,5 Mpx,"6.71 """,720 px x 1650 px,5000 mAh,190 g,169.59 mm x 76.56 mm x 8.29 mm,1100 MHz,2.4 GHz,8,10-(2022),redmi,239.0
Xiaomi Redmi 10A Dual SIM 32 GB gris grafito 2 GB RAM,139,32 GB,2 GB,13 Mpx,5 Mpx,"6.53 """,720 px x 1600 px,5000 mAh,194 g,164.9 mm x 77.07 mm x 9 mm,650 MHz,2 GHz,8,10-(2022),redmi,239.0
Xiaomi Redmi 10C Dual SIM 64 GB azul océano 4 GB RAM,164,64 GB,4 GB,50 Mpx,5 Mpx,"6.71 """,720 px x 1650 px,5000 mAh,190 g,169.59 mm x 76.56 mm x 8.29 mm,1100 MHz,2.4 GHz,8,10-(2022),redmi,239.0
Xiaomi Redmi Note 11 Pro 5g 128gb 108mp 8ram +garantía 1 Año,354,128 GB,8 GB,108 Mpx,16 Mpx,"6.67 """,1080 px x 2400 px,5000 mAh,202 g,164.19 mm x 76.1 mm x 8.12 mm,670 MHz,2.05 GHz,8,10-(2022),redmi,239.0
Xiaomi Redmi Note 11E 5G Dual SIM 128 GB gray 4 GB RAM,194,128 GB,4 GB,50 Mpx,5 Mpx,"6.58 """,1080 px x 2408 px,5000 mAh,200 g,163.99 mm x 76.09 mm x 8.9 mm,950 GHz,2.2 GHz,8,10-(2022),redmi,239.0
Xiaomi Redmi Note 11S Dual SIM 128 GB blanco perla 8 GB RAM,274,128 GB,8 GB,108 Mpx,16 Mpx,"6.43 """,1080 px x 2400 px,5000 mAh,179 g,159.87 mm x 73.87 mm x 8.09 mm,,2.05 GHz,8,10-(2022),redmi,239.0
Xiaomi Redmi 10 20 Dual Sim 64 Gb Gris Carbón 4 Gb Ram,165,64 GB,4 GB,50 Mpx,8 Mpx,"6.5 """,1080 px x 2400 px,5000 mAh,181 g,161.95 mm x 73.53 mm x 8.92 mm,820 MHz,2 GHz,8,10-(2022),redmi,239.0
Xiaomi Redmi 10a 64gb 3gb Ram 13mpx 5000mah 6.53 Pulgadas,122,64 GB,3 GB,13 Mpx,5 Mpx,"6.53 """,720 px x 1600 px,5000 mAh,194 g,164.9 mm x 77.07 mm x 9 mm,650 MHz,2 GHz,8,10-(2022),redmi,239.0
"Xiaomi Redmi 10c 128gb 4gb 50mpx 500mah 6,71 18w",155,128 GB,4 GB,50 Mpx,5 Mpx,"6.71 """,720 px x 1650 px,5000 mAh,190 g,169.59 mm x 76.56 mm x 8.29 mm,1100 MHz,2.4 GHz,8,10-(2022),redmi,239.0
Celular Xiaomi Redmi Note 11 4gb 128gb,214,128 GB,4 GB,50 Mpx,13 Mpx,"6.43 """,1080 px x 2400 px,5000 mAh,179 g,159.87 mm x 73.87 mm x 8.09 mm,1000 GHz,2.4 GHz,8,10-(2022),redmi,239.0
Xiaomi Note 11s 128gb   ** Oficina Presencial **,254,128 GB,8 GB,108 Mpx,16 Mpx,"6.43 """,1080 px x 2400 px,5000 mAh,179 g,159.87 mm x 73.87 mm x 8.09 mm,,2.05 GHz,8,10-(2022),redmi,239.0
Xiaomi Redmi 10a 128gb/4gb Ram,109,128 GB,4 GB,13 Mpx,5 Mpx,6.53 pulgadas,720 px x 1600 px,5000 mAh,194 g,164.9 mm x 77.07 mm x 9 mm,650 MHz,2 GHz,8,10-(2022),redmi,239.0
Xiaomi Redmi 10 2022 128gb Y 4 Gb De Ram,195,128 GB,4 GB,50 Mpx,8 Mpx,"6.5 """,1080 px x 2400 px,5000 mAh,181 g,161.95 mm x 73.53 mm x 8.92 mm,820 MHz,2 GHz,8,10-(2022),redmi,239.0
Xiaomi Redmi 10c - 128/4gb - 50mpx - 5000mah + Obsequio,177,128 GB,4 GB,50 Mpx,5 Mpx,"6.71 """,720 px x 1650 px,5000 mAh,190 g,169.59 mm x 76.56 mm x 8.29 mm,1100 MHz,2.4 GHz,8,10-(2022),redmi,239.0
Celular Xiaomi Redmi Note 11 6gb 128gb,229,128 GB,6 GB,50 Mpx,13 Mpx,"6.43 """,1080 px x 2400 px,5000 mAh,179 g,159.87 mm x 73.87 mm x 8.09 mm,1000 GHz,2.4 GHz,8,10-(2022),redmi,239.0
Xiaomi Redmi 10a Dual Sim 64gb Y 3gb Ram,135,64 GB,3 GB,13 Mpx,5 Mpx,"6.53 """,720 px x 1600 px,5000 mAh,194 g,164.9 mm x 77.07 mm x 9 mm,650 MHz,2 GHz,8,10-(2022),redmi,239.0
Xiaomi Redmi 10 2022 Dual Sim 128 Gb Gris Carbón 4 Gb Ram,194,128 GB,4 GB,50 Mpx,8 Mpx,"6.5 """,1080 px x 2400 px,5000 mAh,181 g,161.95 mm x 73.53 mm x 8.92 mm,820 MHz,2 GHz,8,10-(2022),redmi,239.0
Xiaomi Redmi 10c 4/128gb Crédito Directo! Tiendas Físicas,185,64 GB,4 GB,13 Mpx,5 Mpx,"6.53 """,1080 px x 2400 px,5020 mAh,198 g,169.59 mm x 76.56 mm x 8.29 mm,1100 MHz,2 GHz,8,10-(2022),redmi,239.0
"Xiaomi Redmi 10c 64gb 4gb 50mpx 500mah 6,71 18w",147,64 GB,4 GB,50 Mpx,5 Mpx,"6.71 """,720 px x 1650 px,5000 mAh,190 g,169.59 mm x 76.56 mm x 8.29 mm,1100 MHz,2.4 GHz,8,10-(2022),redmi,239.0
Xiaomi Redmi 10a 128gb 4gb Ram 13mpx 5000mah 6.53 Pulgadas,159,128 GB,4 GB,13 Mpx,5 Mpx,"6.53 """,720 px x 1600 px,5000 mAh,194 g,164.9 mm x 77.07 mm x 9 mm,650 MHz,2 GHz,8,10-(2022),redmi,239.0
Xiaomi Redmi 10 2022 Dual Sim 128 Gb Azul Marítimo 4 Gb Ram,194,128 GB,4 GB,50 Mpx,8 Mpx,"6.5 """,1080 px x 2400 px,5000 mAh,181 g,161.95 mm x 73.53 mm x 8.92 mm,820 MHz,2 GHz,8,10-(2022),redmi,239.0
Xiaomi Redmi 10c Dual Sim 128 Gb **oficina Real**,149,128 GB,4 GB,50 Mpx,5 Mpx,"6.71 """,720 px x 1650 px,5000 mAh,190 g,169.59 mm x 76.56 mm x 8.29 mm,1100 MHz,2.4 GHz,8,10-(2022),redmi,239.0
Xiaomi Redmi 10a Dual Sim 32gb 2gb Ram  1 Año Garantía,134,32 GB,2 GB,13 Mpx,5 Mpx,"6.53 """,720 px x 1600 px,5000 mAh,194 g,164.9 mm x 77.07 mm x 9 mm,650 MHz,2 GHz,8,10-(2022),redmi,239.0
Redmi 10 2022,185,64 GB,4 GB,50 Mpx,8 Mpx,"6.5 """,1080 px x 2400 px,5000 mAh,181 g,161.95 mm x 73.53 mm x 8.92 mm,820 MHz,2 GHz,8,10-(2022),redmi,239.0
Celular Xiaomi Redmi 10c 4gb 64gb,164,64 GB,4 GB,50 Mpx,5 Mpx,"6.71 """,720 px x 1650 px,5000 mAh,190 g,169.59 mm x 76.56 mm x 8.29 mm,1100 MHz,2.4 GHz,8,10-(2022),redmi,239.0
Celular Xiaomi Redmi 10a 3gb 64gb,141,64 GB,3 GB,13 Mpx,5 Mpx,"6.53 """,720 px x 1600 px,5000 mAh,194 g,164.9 mm x 77.07 mm x 9 mm,650 MHz,2 GHz,8,10-(2022),redmi,239.0
Celular Xiaomi Redmi 10c 4gb 128gb,173,128 GB,4 GB,50 Mpx,5 Mpx,"6.71 """,720 px x 1650 px,5000 mAh,190 g,169.59 mm x 76.56 mm x 8.29 mm,1100 MHz,2.4 GHz,8,10-(2022),redmi,239.0
"Celular Xiaomi Redmi 10a, 2gb, 32gb",139,32 GB,2 GB,13 Mpx,5 Mpx,"6.53 """,720 px x 1600 px,5000 mAh,194 g,164.9 mm x 77.07 mm x 9 mm,650 MHz,2 GHz,8,10-(2022),redmi,239.0
Xiaomi Redmi 10c Dual Sim 128 Gb Gris Grafito 4 Gb Ram,189,128 GB,4 GB,50 Mpx,5 Mpx,"6.71 """,720 px x 1650 px,5000 mAh,190 g,169.59 mm x 76.56 mm x 8.29 mm,1100 MHz,2.4 GHz,8,10-(2022),redmi,239.0
Celular Xiaomi Redmi 10a 4gb + 128gb Dual Sim,160,128 GB,4 GB,13 Mpx,5 Mpx,"6.53 """,720 px x 1600 px,5000 mAh,194 g,164.9 mm x 77.07 mm x 9 mm,650 MHz,2 GHz,8,10-(2022),redmi,239.0
Xiaomi Redmi 10c Dual Sim 64 Gb Gris Grafito 4 Gb Ram,164,64 GB,4 GB,50 Mpx,5 Mpx,"6.71 """,720 px x 1650 px,5000 mAh,190 g,169.59 mm x 76.56 mm x 8.29 mm,1100 MHz,2.4 GHz,8,10-(2022),redmi,239.0
Xiaomi Redmi 10a,155,64 GB,3 GB,13 Mpx,5 Mpx,"6.53 """,720 px x 1600 px,5000 mAh,194 g,164.9 mm x 77.07 mm x 9 mm,650 MHz,2 GHz,8,10-(2022),redmi,239.0
Xiaomi Redmi 10c 128gb Mica Hidrogel * Oficina  Presencial *,299,128 GB,4 GB,50 Mpx,5 Mpx,"6.71 """,720 px x 1650 px,5000 mAh,190 g,169.59 mm x 76.56 mm x 8.29 mm,1100 MHz,2.4 GHz,8,10-(2022),redmi,239.0
Xiaomi Redmi 10a 64/3 Ram Batería: 5000 Mah,150,64 GB,3 GB,13 Mpx,5 Mpx,"6.53 """,720 px x 1600 px,5000 mAh,194 g,164.9 mm x 77.07 mm x 9 mm,650 MHz,2 GHz,8,10-(2022),redmi,239.0
Xiaomi Redmi 10c - 64/4gb - 50mpx - 5000mah + Obsequio,166,64 GB,4 GB,50 Mpx,5 Mpx,"6.71 """,720 px x 1650 px,5000 mAh,190 g,169.59 mm x 76.56 mm x 8.29 mm,1100 MHz,2.4 GHz,8,10-(2022),redmi,239.0
"Celular Xiaomi Redmi 10c 4gb, 64gb, Dual Sim",158,64 GB,4 GB,50 Mpx,5 Mpx,"6.71 """,720 px x 1650 px,5000 mAh,190 g,169.59 mm x 76.56 mm x 8.29 mm,1100 MHz,2.4 GHz,8,10-(2022),redmi,239.0
Xiaomi Note 11s 128/8gb Equipos Nuevo//note 10 Pro 128/8 Ram,275,128 GB,8 GB,108 Mpx,,"6.43 """,1080 px x 2400 px,5000 mAh,179 g,159.87 mm x 73.87 mm x 8.09 mm,900 GHz,2.05 GHz,8,10-(2022),redmi,239.0
Xiaomi Note 10 Pro 128/8,290,128 GB,8 GB,64 Mpx,13 Mpx,"6.43 """,1080 px x 2400 px,5000 mAh,178.8 g,160.46 mm x 74.5 mm x 8.29 mm,900 MHz,2.05 GHz,8,note-10-pro,redmi,299.0
"Xiaomi Redmi Note 10 Pro, 8 Gb De Ram + 128 Gb Gis, Bronce.",290,128 GB,6 GB,108 Mpx,32 Mpx,"6.47 """,1080 px x 2340 px,5260 mAh,208 g,157.8 mm x 74.2 mm x 9.67 mm,700 MHz,2.2 GHz,8,note-10-pro,redmi,299.0
Xiami Redmi Note 10 Pro 128gb 108 Mpx Sellados Originales Nu,241,128 GB,8 GB,108 Mpx,16 Mpx,"6.67 """,1080 px x 2340 px,5.02 mAh,208 g,162.6 mm x 74.8 mm x 8.96 mm,670 MHz,3.2 GHz,8,note-10-pro,redmi,299.0
Xiaomi Redmi Note 11 Pro+ 5G (Snapdragon) Dual SIM 128 GB stealth black 6 GB RAM,309,128 GB,6 GB,108 Mpx,16 Mpx,"6.67 """,1080 px x 2400 px,5000 mAh,202 g,164.2 mm x 76.1 mm x 8.1 mm,840 MHz,2.2 GHz,8,note-11-pro-5g,redmi,409.0
Xiaomi Redmi Note 11 Pro 5G (Global) Dual SIM 128 GB gris grafito 8 GB RAM,325,128 GB,8 GB,108 Mpx,16 Mpx,"6.67 """,1080 px x 2400 px,5000 mAh,202 g,164.19 mm x 76.1 mm x 8.12 mm,840 MHz,2.2 GHz,8,note-11-pro-5g,redmi,409.0
Xiaomi Redmi Note 11 Pro Dual SIM 64 GB gris grafito 6 GB RAM,344,64 GB,6 GB,108 Mpx,16 Mpx,"6.67 """,1080 px x 2400 px,5000 mAh,202 g,164.19 mm x 76.1 mm x 8.12 mm,,2.05 GHz,8,note-11-pro-5g,redmi,409.0
Xiaomi Note 11 Pro 128gb 6gbram 108mpx 5g 5000mah Local,309,128 GB,6 GB,50 Mpx,16 Mpx,"6.6 """,1080 px x 2400 px,5000 mAh,195 g,163.56 mm x 75.78 mm x 8.75 mm,,2.4 GHz,8,note-11-pro-5g,redmi,409.0
Xiaomi Redmi Note 11 Pro 5G (Global) Dual SIM 128 GB gris grafito 6 GB RAM,326,128 GB,6 GB,108 Mpx,16 Mpx,"6.67 """,1080 px x 2400 px,5000 mAh,202 g,164.19 mm x 76.1 mm x 8.12 mm,840 MHz,2.2 GHz,8,note-11-pro-5g,redmi,409.0
Xiaomi Redmi Note 11 Pro 5g 128gb 108mp 8ram +garantía 1 Año,354,128 GB,8 GB,108 Mpx,16 Mpx,"6.67 """,1080 px x 2400 px,5000 mAh,202 g,164.19 mm x 76.1 mm x 8.12 mm,670 MHz,2.05 GHz,8,note-11-pro-5g,redmi,409.0
Xiaomi Redmi Note 11 Pro 5G (Global) Dual SIM 128 GB azul atlántico 8 GB RAM,349,128 GB,8 GB,108 Mpx,16 Mpx,"6.67 """,1080 px x 2400 px,5000 mAh,202 g,164.19 mm x 76.1 mm x 8.12 mm,840 MHz,2.2 GHz,8,note-11-pro-5g,redmi,409.0
Xiaomi Redmi Note 11 Pro 5G (Global) Dual SIM 128 GB blanco polar 8 GB RAM,349,128 GB,8 GB,108 Mpx,16 Mpx,"6.67 """,1080 px x 2400 px,5000 mAh,202 g,164.19 mm x 76.1 mm x 8.12 mm,840 MHz,2.2 GHz,8,note-11-pro-5g,redmi,409.0
Xiaomi Redmi Note 11 Pro 5G (Snapdragon) Dual SIM 128 GB azul atlántico 6 GB RAM,326,128 GB,6 GB,108 Mpx,16 Mpx,"6.67 """,1080 px x 2400 px,5000 mAh,202 g,164.19 mm x 76.1 mm x 8.12 mm,840 MHz,2.2 GHz,8,note-11-pro-5g,redmi,409.0
Xiaomi Redmi Note 11 Pro 5G (Snapdragon) Dual SIM 128 GB blanco polar 6 GB RAM,326,128 GB,6 GB,108 Mpx,16 Mpx,"6.67 """,1080 px x 2400 px,5000 mAh,202 g,164.19 mm x 76.1 mm x 8.12 mm,840 MHz,2.2 GHz,8,note-11-pro-5g,redmi,409.0
Redmi 11 Pro+ 5g (snapdragon) Dual Sim 128gb Black 6 Gb Ram,309,128 GB,6 GB,108 Mpx,16 Mpx,"6.67 """,1080 px x 2400 px,5000 mAh,202 g,164.2 mm x 76.1 mm x 8.1 mm,840 MHz,2.2 GHz,8,note-11-pro-5g,redmi,409.0
Xiaomi Redmi Note 11 Pro 5g 128gb Y 6gb Ram,309,128 GB,6 GB,108 Mpx,16 Mpx,"6.67 """,1080 px x 2400 px,5000 mAh,202 g,164.19 mm x 76.1 mm x 8.12 mm,,2.05 GHz,8,note-11-pro-5g,redmi,409.0
Celular Xiaomi Redmi Note 11 Pro 5g 8gb 128gb,349,128 GB,8 GB,108 Mpx,16 Mpx,"6.67 """,1080 px x 2400 px,5000 mAh,202 g,164.19 mm x 76.1 mm x 8.12 mm,840 MHz,2.2 GHz,8,note-11-pro-5g,redmi,409.0
Xiaomi Redmi Note 11 Pro 5g 128gb 108mp 6ram +garantia 1 Año,324,128 GB,6 GB,108 Mpx,16 Mpx,"6.67 """,1080 px x 2400 px,5000 mAh,202 g,164.19 mm x 76.1 mm x 8.12 mm,,2.05 GHz,8,note-11-pro-5g,redmi,409.0
Celular Xiaomi Redmi Note 11 Pro Plus 6gb 128gb,414,128 GB,6 GB,108 Mpx,16 Mpx,"6.67 """,1080 px x 2400 px,5000 mAh,202 g,164.2 mm x 76.1 mm x 8.1 mm,840 MHz,2.2 GHz,8,note-11-pro-5g,redmi,409.0
Celular Xiaomi Redmi Note 11 Pro 5g 6gb 128gb,326,128 GB,6 GB,108 Mpx,16 Mpx,"6.67 """,1080 px x 2400 px,5000 mAh,202 g,164.19 mm x 76.1 mm x 8.12 mm,840 MHz,2.2 GHz,8,note-11-pro-5g,redmi,409.0
Xiaomi Redmi Note 11 Pro 5g 128 Gb + 8 Gb Cámara 108 Mpx,344,64 GB,6 GB,108 Mpx,16 Mpx,"6.67 """,1080 px x 2400 px,5000 mAh,202 g,164.19 mm x 76.1 mm x 8.12 mm,840 MHz,2.05 GHz,8,note-11-pro-5g,redmi,409.0
Xiaomi Redmi Note 11 Pro 5g  128/8gb+ Estuche.,325,128 GB,8 GB,108 Mpx,16 Mpx,"6.67 """,1080 px x 2400 px,5000 mAh,202 g,164.19 mm x 76.1 mm x 8.12 mm,840 MHz,2.2 GHz,8,note-11-pro-5g,redmi,409.0
"Xiaomi Note 11 Pro 5g, 8gb, 128gb",339,64 GB,6 GB,,16 Mpx,,,5000 mAh,,164.19 mm x 76.1 mm x 8.12 mm,,2.05 GHz,,note-11-pro-5g,redmi,409.0
"Celular Xiaomi Note 11 Pro 5g 6gb, 128gb",310,128 GB,6 GB,108 Mpx,16 Mpx,"6.67 """,1080 px x 2400 px,5000 mAh,202 g,164.19 mm x 76.1 mm x 8.12 mm,840 MHz,2.2 GHz,8,note-11-pro-5g,redmi,409.0
Xiaomi Note 11 Pro 128gb 8gb Ram 108mpx 5g 5000mah 6.67 Pul,309,128 GB,8 GB,108 Mpx,16 Mpx,"6.67 """,1080 px x 2400 px,5000 mAh,202 g,164.19 mm x 76.1 mm x 8.12 mm,840 MHz,2.05 GHz,8,note-11-pro-5g,redmi,409.0
Xiaomi Note 11 Pro 128gb 8gb Ram 108mpx 5g 5000mah 6.67 PuLG,250,128 GB,6 GB,108 Mpx,16 Mpx,"6.67 """,1080 px x 2400 px,5000 mAh,202 g,164.19 mm x 76.1 mm x 8.12 mm,670 MHz,2.05 GHz,8,note-11-pro-5g,redmi,409.0
Xiaomi Redmi Note 11 Pro 5G (MediaTek) Dual SIM 128 GB mysterious black 6 GB RAM,399,128 GB,6 GB,108 Mpx,16 Mpx,"6.67 """,1080 px x 2400 px,5160 mAh,207 g,163.65 mm x 76.19 mm x 8.34 mm,,2.5 GHz,8,note-11-pro-5g,redmi,409.0
Xiaomi Redmi Note 11 Pro 5g (global) Dual Sim 128 Gb,250,128 GB,8 GB,108 Mpx,16 Mpx,"6.67 """,1080 px x 2400 px,5000 mAh,202 g,164.19 mm x 76.1 mm x 8.12 mm,840 MHz,2.2 GHz,8,note-11-pro-5g,redmi,409.0
Xiaomi Redmi Note 11 Pro 5g 128gb/8gb 6.6  Fhd+ Color Negro,385,128 GB,8 GB,108 Mpx,20 Mpx,"6.81 """,1440 px x 3200 px,4600 mAh,202 g,164.3 mm x 74.6 mm x 8.12 mm,840 MHz,2.84 GHz,8,note-11-pro-5g,redmi,409.0
Xiaomi Redmi Note 11 Pro 5g 6gb Ram Y 128gb Ram,330,128 GB,6 GB,108 Mpx,16 Mpx,"6.67 """,1080 px x 2400 px,5000 mAh,202 g,164.19 mm x 76.1 mm x 8.12 mm,840 MHz,2.2 GHz,8,note-11-pro-5g,redmi,409.0
Xiaomi Redmi Note 11 Pro 6gb Ram Y 128gb Almacenamiento,399,,,,,,,,,,,,,note-11-pro-5g,redmi,409.0
Redmi Note 11 Pro 5g (global) 128 Gb Gris Grafito 8 Gb Ram,359,128 GB,8 GB,108 Mpx,16 Mpx,"6.67 """,1080 px x 2400 px,5000 mAh,202 g,164.19 mm x 76.1 mm x 8.12 mm,840 MHz,2.2 GHz,8,note-11-pro-5g,redmi,409.0
"Xiaomi Note 11 Pro 5g, 8gb, 128gb",339,128 GB,8 GB,108 Mpx,16 Mpx,"6.67 """,1080 px x 2340 px,5000 mAh,208 g,16.41 cm x 7.61 cm x 0.81 cm,670 MHz,2.2 GHz,8,note-11-pro-5g,redmi,409.0
Xiaomi Redmi Note 11 Pro Nuevos Originales 128gb 8gb Ram 108,279,128 GB,8 GB,108 Mpx,20 Mpx,6.67 pulgadas,1080 px x 2340 px,5000 mAh,208 g,162.6 mm x 74.8 mm x 8.96 mm,670 MHz,3.2 GHz,8,note-11-pro-5g,redmi,409.0
"Xiaomi Note 11 Pro 5g, 8gb, 128gb",339,128 GB,8 GB,108 Mpx,16 Mpx,"6.67 """,1080 px x 2400 px,5000 mAh,202 g,164.19 mm x 76.1 mm x 8.12 mm,,2.05 GHz,8,note-11-pro-5g,redmi,409.0
Xiaomi Redmi Note 11 Pro+ 256gb/8gb Ram Sellado De Fabrica,259,256 GB,8 GB,108 Mpx,20 Mpx,6.67 pulgadas,1080 px x 2340 px,4500 mAh,208 g,162.6 mm x 74.8 mm x 8.96 mm,670 MHz,3.2 GHz,8,note-11-pro-5g,redmi,409.0
Xiaomi Redmi Note 11 Pro 64/128gb Ram 6/8gb Nuevos,350,128 GB,8 GB,108 Mpx,20 Mpx,"6.67 """,1080 px x 2340 px,4780 mAh,208 g,162.6 mm x 74.8 mm x 8.96 mm,670 MHz,3.2 GHz,8,note-11-pro-5g,redmi,409.0
Xiaomi Redmi Note 11 Pro Plus 128/256gb Ram 6/8gb Nuevos,400,256 GB,8 GB,108 Mpx,20 Mpx,"6.67 """,1080 px x 2340 px,4780 mAh,208 g,162.6 mm x 74.8 mm x 8.96 mm,670 MHz,3.2 GHz,8,note-11-pro-5g,redmi,409.0
Xiaomi Pocophone Poco M4 Pro Dual SIM 128 GB power black 6 GB RAM,202,128 GB,6 GB,64 Mpx,16 Mpx,"6.43 """,1080 px x 2400 px,5000 mAh,179.5 g,159.87 mm x 73.87 mm x 8.09 mm,,2.05 GHz,8,m4-pro,poco,289.0
Xiaomi Pocophone Poco M4 Pro Dual SIM 128 GB cool blue 6 GB RAM,229,128 GB,6 GB,64 Mpx,16 Mpx,"6.43 """,1080 px x 2400 px,5000 mAh,179.5 g,159.87 mm x 73.87 mm x 8.09 mm,,2.05 GHz,8,m4-pro,poco,289.0
Xiaomi Pocophone Poco M4 Pro Dual SIM 256 GB power black 8 GB RAM,274,256 GB,8 GB,64 Mpx,16 Mpx,"6.43 """,1080 px x 2400 px,5000 mAh,179.5 g,159.87 mm x 73.87 mm x 8.09 mm,,2.05 GHz,8,m4-pro,poco,289.0
Xiaomi Pocophone Poco M4 Pro Dual SIM 128 GB poco yellow 6 GB RAM,336,,,,,,,,,,,,,m4-pro,poco,289.0
Xiaomi Pocophone Poco M4 Pro Dual SIM 256 GB cool blue 8 GB RAM,288,256 GB,8 GB,64 Mpx,16 Mpx,"6.43 """,1080 px x 2400 px,5000 mAh,179.5 g,159.87 mm x 73.87 mm x 8.09 mm,,2.05 GHz,8,m4-pro,poco,289.0
Xiaomi Pocophone Poco M4 Pro Dual SIM 256 GB poco yellow 8 GB RAM,298,256 GB,8 GB,64 Mpx,16 Mpx,"6.43 """,1080 px x 2400 px,5000 mAh,179.5 g,159.87 mm x 73.87 mm x 8.09 mm,,2.05 GHz,8,m4-pro,poco,289.0
Xiaomi Pocophone M4 Pro 5G Dual SIM 128 GB poco yellow 6 GB RAM,249,128 GB,6 GB,50 Mpx,16 Mpx,"6.6 """,1080 px x 2400 px,5000 mAh,195 g,163.56 mm x 75.78 mm x 8.75 mm,,2.4 GHz,8,m4-pro,poco,289.0
Xiaomi Pocophone M4 Pro 5G Dual SIM 256 GB cool blue 8 GB RAM,289,256 GB,8 GB,50 Mpx,16 Mpx,"6.6 """,1080 px x 2400 px,5000 mAh,195 g,163.56 mm x 75.78 mm x 8.75 mm,,2.4 GHz,8,m4-pro,poco,289.0
Xiaomi Poco M4 Pro 256gb/8gb 6.4  Fhd+ Color Negro,309,256 GB,8 GB,108 Mpx,16 Mpx,"6.67 """,1080 px x 2400 px,5000 mAh,205 g,164.19 mm x 76.1 mm x 8.12 mm,840 MHz,2.2 GHz,8,m4-pro,poco,289.0
Xiaomi Pocophone Poco M4 Pro 128gb Y 6gb Ram,229,128 GB,6 GB,64 Mpx,16 Mpx,"6.43 """,1080 px x 2400 px,5000 mAh,179.5 g,159.87 mm x 73.87 mm x 8.09 mm,,2.05 GHz,8,m4-pro,poco,289.0
Xiaomi Pocophone M4 Pro 5g Dual Sim 128 Gb Yellow 6 Gb Ram,249,128 GB,6 GB,50 Mpx,16 Mpx,"6.6 """,1080 px x 2400 px,5000 mAh,195 g,163.56 mm x 75.78 mm x 8.75 mm,,2.4 GHz,8,m4-pro,poco,289.0
Xiaomi Poco M4 Pro 256gb Rom Y 8gb Ram,300,256 GB,8 GB,108 Mpx,16 Mpx,"6.67 """,1080 px x 2340 px,5000 mAh,208 g,15.99 cm x 7.39 cm x 0.81 cm,670 MHz,2.05 GHz,8,m4-pro,poco,289.0
Celular Xiaomi Poco M4 Pro 256gb+8gb Ram 1 A Ñ O Garantía,298,256 GB,8 GB,64 Mpx,16 Mpx,"6.43 """,1080 px x 2400 px,5000 mAh,179.5 g,159.87 mm x 73.87 mm x 8.09 mm,,2.05 GHz,8,m4-pro,poco,289.0
Xiaomi Pocophone Poco M4 Pro Dual Sim 128 Gb Power 6 Gb Ram,336,128 GB,6 GB,64 Mpx,16 Mpx,"6.43 """,1080 px x 2400 px,5000 mAh,179.5 g,159.87 mm x 73.87 mm x 8.09 mm,,2.05 GHz,8,m4-pro,poco,289.0
Xiaomi Pocophone Poco M4 Pro Dual Sim 128 Gb 3 6 Gb Ram,336,128 GB,6 GB,64 Mpx,16 Mpx,"6.43 """,1080 px x 2400 px,5000 mAh,179.5 g,159.87 mm x 73.87 mm x 8.09 mm,,2.05 GHz,8,m4-pro,poco,289.0
Xiaomi Pocophone Poco M4 Pro Dual Sim 128 Gb  6 Gb Ram,336,128 GB,6 GB,64 Mpx,16 Mpx,"6.43 """,1080 px x 2400 px,5000 mAh,179.5 g,159.87 mm x 73.87 mm x 8.09 mm,,2.05 GHz,8,m4-pro,poco,289.0
Xiaomi M4 Pro 256gb ** Oficina Presencial **,274,256 GB,8 GB,64 Mpx,16 Mpx,"6.43 """,1080 px x 2400 px,5000 mAh,179.5 g,159.87 mm x 73.87 mm x 8.09 mm,,2.05 GHz,8,m4-pro,poco,289.0
Poco M4 Pro +8gbram+256gb+android11+miui 13 Poco+garantía,288,256 GB,8 GB,64 Mpx,16 Mpx,"6.43 """,1080 px x 2400 px,5000 mAh,179.5 g,159.87 mm x 73.87 mm x 8.09 mm,,2.05 GHz,8,m4-pro,poco,289.0
Xiaomi Poco M4 Pro 128gb 6gb 64mpx 5000mah 6.43 Pulgadas,202,128 GB,6 GB,64 Mpx,16 Mpx,"6.43 """,1080 px x 2400 px,5000 mAh,179.5 g,159.87 mm x 73.87 mm x 8.09 mm,,2.05 GHz,8,m4-pro,poco,289.0
Celular Xiaomi Poco M4 Pro 4g 8+256gb,279,256 GB,8 GB,64 Mpx,16 Mpx,"6.43 """,1080 px x 2400 px,5000 mAh,179.5 g,159.87 mm x 73.87 mm x 8.09 mm,,2.05 GHz,8,m4-pro,poco,289.0
Xiaomi Poco M4 Pro 5g 128gb/6gb Ram Nuevo Y Sellado,199,128 GB,6 GB,,,6.6 pulgadas,,5000 mAh,,,,,,m4-pro,poco,289.0
Celular Xiaomi Poco M4 Pro 5g 64gb Power Black,270,64 GB,4 GB,50 Mpx,16 Mpx,"6.6 """,1080 px x 2400 px,5000 mAh,195 g,163.56 mm x 75.78 mm x 8.75 mm,,2.4 GHz,8,m4-pro,poco,289.0
Celular Xiaomi Poco M4 Pro 4g 8+256gb,279,256 GB,8 GB,64 Mpx,16 Mpx,"6.43 """,1080 px x 2400 px,5000 mAh,179.5 g,159.87 mm x 73.87 mm x 8.09 mm,,2.05 GHz,8,m4-pro,poco,289.0
"Celular Poco M4 Pro, 256gb Y 8 De Ram",220,256 GB,8 GB,,16 Mpx,,,5000 mAh,,159.87 mm x 73.87 mm x 8.09 mm,,,,m4-pro,poco,289.0
Xiaomi Pocophone Poco F4 GT Dual SIM 256 GB knight silver 12 GB RAM,659,256 GB,12 GB,64 Mpx,20 Mpx,"6.67 """,1080 px x 2400 px,4700 mAh,210 g,162.5 mm x 76.7 mm x 8.5 mm,818 MHz,3 GHz,8,x3-gt,poco,309.0
Xiaomi Pocophone Poco X4 Pro 5G Dual SIM 256 GB laser blue 8 GB RAM,319,256 GB,8 GB,108 Mpx,16 Mpx,"6.67 """,1080 px x 2400 px,5000 mAh,205 g,164.19 mm x 76.1 mm x 8.12 mm,840 MHz,2.2 GHz,8,x3-gt,poco,309.0
Xiaomi Pocophone Poco X3 GT Dual SIM 128 GB wave blue 8 GB RAM,329,128 GB,8 GB,64 Mpx,16 Mpx,"6.6 """,1080 px x 2400 px,5000 mAh,193 g,163.3 mm x 75.9 mm x 8.9 mm,836 MHz,,8,x3-gt,poco,309.0
Xiaomi Pocophone Poco X3 GT Dual SIM 128 GB cloud white 8 GB RAM,329,128 GB,8 GB,64 Mpx,16 Mpx,"6.6 """,1080 px x 2400 px,5000 mAh,193 g,163.3 mm x 75.9 mm x 8.9 mm,836 MHz,,8,x3-gt,poco,309.0
Xiaomi Pocophone Poco X3 GT Dual SIM 128 GB stargaze black 8 GB RAM,329,128 GB,8 GB,64 Mpx,16 Mpx,"6.6 """,1080 px x 2400 px,5000 mAh,193 g,163.3 mm x 75.9 mm x 8.9 mm,836 MHz,,8,x3-gt,poco,309.0
Xiaomi Pocophone Poco X3 GT Dual SIM 256 GB wave blue 8 GB RAM,325,256 GB,8 GB,64 Mpx,16 Mpx,"6.6 """,1080 px x 2400 px,5000 mAh,193 g,163.3 mm x 75.9 mm x 8.9 mm,836 MHz,,8,x3-gt,poco,309.0
Poco X4 Gt / F4 5g / F3 Pro / X3 Gt / K40 / Pixel 6 Pro,400,256 GB,12 GB,64 Mpx,20 Mpx,"6.67 """,1080 px x 2400 px,4700 mAh,210 g,162.5 mm x 76.7 mm x 8.5 mm,818 MHz,3 GHz,8,x3-gt,poco,309.0
Poco X4 Pro 5g | F4 | F3 Pro | X3 Gt | Redmi K50 Pro | K40,350,256 GB,8 GB,108 Mpx,16 Mpx,"6.67 """,1080 px x 2400 px,5000 mAh,205 g,164.19 mm x 76.1 mm x 8.12 mm,840 MHz,2.2 GHz,8,x3-gt,poco,309.0
Celular Poco X3 Gt 8gb 128gb,329,128 GB,8 GB,64 Mpx,16 Mpx,"6.6 """,1080 px x 2400 px,5000 mAh,193 g,163.3 mm x 75.9 mm x 8.9 mm,836 MHz,,8,x3-gt,poco,309.0
Pocophone X3 Gt - 8gb Ram 256gb Nuevo Sellado,325,256 GB,8 GB,64 Mpx,16 Mpx,"6.6 """,1080 px x 2400 px,5000 mAh,193 g,163.3 mm x 75.9 mm x 8.9 mm,836 MHz,2.3 GHz,8,x3-gt,poco,309.0
Xiaomi Pocophone M4 Pro 5G Dual SIM 128 GB poco yellow 6 GB RAM,249,128 GB,6 GB,50 Mpx,16 Mpx,"6.6 """,1080 px x 2400 px,5000 mAh,195 g,163.56 mm x 75.78 mm x 8.75 mm,,2.4 GHz,8,m4-pro-5g,poco,329.0
Xiaomi Pocophone M4 Pro 5G Dual SIM 256 GB cool blue 8 GB RAM,289,256 GB,8 GB,50 Mpx,16 Mpx,"6.6 """,1080 px x 2400 px,5000 mAh,195 g,163.56 mm x 75.78 mm x 8.75 mm,,2.4 GHz,8,m4-pro-5g,poco,329.0
Xiaomi Poco M4 Pro 256gb/8gb 6.4  Fhd+ Color Negro,309,256 GB,8 GB,108 Mpx,16 Mpx,"6.67 """,1080 px x 2400 px,5000 mAh,205 g,164.19 mm x 76.1 mm x 8.12 mm,840 MHz,2.2 GHz,8,m4-pro-5g,poco,329.0
Xiaomi Pocophone M4 Pro 5g Dual Sim 128 Gb Yellow 6 Gb Ram,249,128 GB,6 GB,50 Mpx,16 Mpx,"6.6 """,1080 px x 2400 px,5000 mAh,195 g,163.56 mm x 75.78 mm x 8.75 mm,,2.4 GHz,8,m4-pro-5g,poco,329.0
Xiaomi Poco M4 Pro 256gb Rom Y 8gb Ram,300,256 GB,8 GB,108 Mpx,16 Mpx,"6.67 """,1080 px x 2340 px,5000 mAh,208 g,15.99 cm x 7.39 cm x 0.81 cm,670 MHz,2.05 GHz,8,m4-pro-5g,poco,329.0
Xiaomi Poco M4 Pro 5g 128gb/6gb Ram Nuevo Y Sellado,199,128 GB,6 GB,,,6.6 pulgadas,,5000 mAh,,,,,,m4-pro-5g,poco,329.0
Celular Xiaomi Poco M4 Pro 5g 64gb Power Black,270,64 GB,4 GB,50 Mpx,16 Mpx,"6.6 """,1080 px x 2400 px,5000 mAh,195 g,163.56 mm x 75.78 mm x 8.75 mm,,2.4 GHz,8,m4-pro-5g,poco,329.0
Xiaomi Pocophone Poco X4 Pro 5G Dual SIM 256 GB laser black 8 GB RAM,319,256 GB,8 GB,108 Mpx,16 Mpx,"6.67 """,1080 px x 2400 px,5000 mAh,205 g,164.19 mm x 76.1 mm x 8.12 mm,840 MHz,2.2 GHz,8,m4-pro-5g,poco,329.0
Xiaomi Pocophone Poco X4 Pro 5G Dual SIM 256 GB poco yellow 8 GB RAM,339,256 GB,8 GB,108 Mpx,16 Mpx,"6.67 """,1080 px x 2400 px,5000 mAh,205 g,164.19 mm x 76.1 mm x 8.12 mm,840 MHz,2.2 GHz,8,m4-pro-5g,poco,329.0
Xiaomi Pocophone Poco X4 Pro 5G Dual SIM 128 GB laser blue 6 GB RAM,324,128 GB,6 GB,108 Mpx,16 Mpx,"6.67 """,1080 px x 2400 px,5000 mAh,205 g,164.19 mm x 76.1 mm x 8.12 mm,840 MHz,2.2 GHz,8,m4-pro-5g,poco,329.0
Xiaomi Pocophone Poco M3 Pro 5G Dual SIM 128 GB power black 6 GB RAM,198,128 GB,6 GB,48 Mpx,8 Mpx,"6.5 """,1080 px x 2400 px,5000 mAh,190 g,161.81 mm x 75.34 mm x 8.92 mm,950 MHz,2.2 GHz,8,m4-pro-5g,poco,329.0
Xiaomi Pocophone Poco X4 Pro 5G Dual SIM 256 GB laser blue 8 GB RAM,319,256 GB,8 GB,108 Mpx,16 Mpx,"6.67 """,1080 px x 2400 px,5000 mAh,205 g,164.19 mm x 76.1 mm x 8.12 mm,840 MHz,2.2 GHz,8,m4-pro-5g,poco,329.0
Celular Xiaomi M4 Pro+256gb+8ram+50mp+5000mah+6.6 Fhd,289,256 GB,8 GB,50 Mpx,16 Mpx,"6.6 """,1080 px x 2400 px,5000 mAh,195 g,163.56 mm x 75.78 mm x 8.75 mm,,2.4 GHz,8,m4-pro-5g,poco,329.0
Xiaomi Pocophone Poco M4 Pro Dual SIM 128 GB power black 6 GB RAM,202,128 GB,6 GB,64 Mpx,16 Mpx,"6.43 """,1080 px x 2400 px,5000 mAh,179.5 g,159.87 mm x 73.87 mm x 8.09 mm,,2.05 GHz,8,m4-pro-5g,poco,329.0
Xiaomi Pocophone Poco M4 Pro Dual SIM 128 GB cool blue 6 GB RAM,229,128 GB,6 GB,64 Mpx,16 Mpx,"6.43 """,1080 px x 2400 px,5000 mAh,179.5 g,159.87 mm x 73.87 mm x 8.09 mm,,2.05 GHz,8,m4-pro-5g,poco,329.0
Xiaomi Poco X4 Pro 5g 256gb Ram 8gb Yq1,265,256 GB,8 GB,108 Mpx,20 Mpx,"6.67 """,1080 px x 2340 px,4780 mAh,208 g,162.6 mm x 74.8 mm x 8.96 mm,670 MHz,3.2 GHz,8,m4-pro-5g,poco,329.0
Poco X4 Gt / F4 5g / F3 Pro / X3 Gt / K40 / Pixel 6 Pro,400,256 GB,12 GB,64 Mpx,20 Mpx,"6.67 """,1080 px x 2400 px,4700 mAh,210 g,162.5 mm x 76.7 mm x 8.5 mm,818 MHz,3 GHz,8,m4-pro-5g,poco,329.0
Xiaomi Pocophone Poco M4 Pro Dual SIM 256 GB power black 8 GB RAM,274,256 GB,8 GB,64 Mpx,16 Mpx,"6.43 """,1080 px x 2400 px,5000 mAh,179.5 g,159.87 mm x 73.87 mm x 8.09 mm,,2.05 GHz,8,m4-pro-5g,poco,329.0
Xiaomi Pocophone Poco M4 Pro Dual SIM 128 GB poco yellow 6 GB RAM,336,128 GB,6 GB,64 Mpx,16 Mpx,"6.43 """,1080 px x 2400 px,5000 mAh,179.5 g,159.87 mm x 73.87 mm x 8.09 mm,,2.05 GHz,8,m4-pro-5g,poco,329.0
Realme Gt Neo 3 / Gt Neo 2 Dragon Ball / Gt 2 Pro / Poco F4,380,256 GB,12 GB,64 Mpx,16 Mpx,"6.62 """,1080 px x 2400 px,5000 mAh,200 g,162.9 mm x 75.8 mm x 8.6 mm,,3.2 GHz,8,m4-pro-5g,poco,329.0
Xiaomi Pocophone Poco X4 Pro 5G Dual SIM 128 GB poco yellow 6 GB RAM,324,128 GB,6 GB,108 Mpx,16 Mpx,"6.67 """,1080 px x 2400 px,5000 mAh,205 g,164.19 mm x 76.1 mm x 8.12 mm,840 MHz,2.2 GHz,8,m4-pro-5g,poco,329.0
Xiaomi Pocophone Poco M4 Pro Dual SIM 256 GB cool blue 8 GB RAM,288,256 GB,8 GB,64 Mpx,16 Mpx,"6.43 """,1080 px x 2400 px,5000 mAh,179.5 g,159.87 mm x 73.87 mm x 8.09 mm,,2.05 GHz,8,m4-pro-5g,poco,329.0
Xiaomi Pocophone Poco M4 Pro Dual SIM 256 GB poco yellow 8 GB RAM,298,256 GB,8 GB,64 Mpx,16 Mpx,"6.43 """,1080 px x 2400 px,5000 mAh,179.5 g,159.87 mm x 73.87 mm x 8.09 mm,,2.05 GHz,8,m4-pro-5g,poco,329.0
Xiaomi Pocophone Poco X4 Pro 5G Dual SIM 128 GB laser black 6 GB RAM,324,128 GB,6 GB,108 Mpx,16 Mpx,"6.67 """,1080 px x 2400 px,5000 mAh,205 g,164.19 mm x 76.1 mm x 8.12 mm,840 MHz,2.2 GHz,8,m4-pro-5g,poco,329.0
Xiaomi Redmi K50 Gaming / K40 Pro / K40 Gamming / Poco X4 Gt,450,256 GB,12 GB,64 Mpx,20 Mpx,"6.67 """,1080 px x 2400 px,4700 mAh,210 g,162.5 mm x 76.7 mm x 8.5 mm,818 MHz,3 GHz,8,m4-pro-5g,poco,329.0
"Celular Xiaomi M4 Pro 6gb, 128g, Dual Sim",250,128 GB,6 GB,50 Mpx,16 Mpx,"6.6 """,1080 px x 2400 px,5000 mAh,195 g,163.56 mm x 75.78 mm x 8.75 mm,,2.4 GHz,8,m4-pro-5g,poco,329.0
Pocophone M4 Pro 128gb Y 256gb 8gb Ram 64mpx Sellados,214,256 GB,8 GB,108 Mpx,16 Mpx,6.43 pulgadas,1080 px x 2340 px,5000 mAh,208 g,162.6 mm x 74.8 mm x 8.96 mm,670 MHz,3.2 GHz,8,m4-pro-5g,poco,329.0
Xiaomi Pocophone Poco M4 Pro 128gb Y 6gb Ram,229,128 GB,6 GB,64 Mpx,16 Mpx,"6.43 """,1080 px x 2400 px,5000 mAh,179.5 g,159.87 mm x 73.87 mm x 8.09 mm,,2.05 GHz,8,m4-pro-5g,poco,329.0
Poco X4 Pro 256gb 8gb Ram Snapdragon 5g 108mpx 5g 6.67 67w,339,256 GB,8 GB,108 Mpx,16 Mpx,"6.67 """,1080 px x 2400 px,5000 mAh,205 g,164.19 mm x 76.1 mm x 8.12 mm,840 MHz,2.2 GHz,8,m4-pro-5g,poco,329.0
Xiaomi Poco M3 Pro 5g 128gb 6gb Ram 90hz 48mpx 5000 Mah 18w,198,128 GB,6 GB,48 Mpx,8 Mpx,"6.5 """,1080 px x 2400 px,5000 mAh,190 g,161.81 mm x 75.34 mm x 8.92 mm,950 MHz,2.2 GHz,8,m4-pro-5g,poco,329.0
Xiaomi Pocophone M4 Pro 5g 128gb/6gb Ram Nuevos.,200,128 GB,6 GB,108 Mpx,20 Mpx,"6.67 """,1080 px x 2340 px,4780 mAh,208 g,162.6 mm x 74.8 mm x 8.96 mm,670 MHz,3.2 GHz,8,m4-pro-5g,poco,329.0
Xiaomi Poco X3 Pro Garantia+express,250,8 GB,128 GB,48 Mpx,20 Mpx,"6.67 """,1080 px x 2400 px,5160 mAh,215 g,165.3 mm x 76.8 mm x 9.4 mm,670 MHz,2.96 GHz,8,m4-pro-5g,poco,329.0
Celular Xiaomi Poco M4 Pro 256gb+8gb Ram 1 A Ñ O Garantía,298,256 GB,8 GB,64 Mpx,16 Mpx,"6.43 """,1080 px x 2400 px,5000 mAh,179.5 g,159.87 mm x 73.87 mm x 8.09 mm,,2.05 GHz,8,m4-pro-5g,poco,329.0
Poco X4 Pro 5g 8/256gb $350,350,256 GB,8 GB,108 Mpx,16 Mpx,"6.67 """,1080 px x 2400 px,5000 mAh,205 g,164.19 mm x 76.1 mm x 8.12 mm,840 MHz,2.2 GHz,8,m4-pro-5g,poco,329.0
Xiaomi Pocophone Poco M4 Pro Dual Sim 128 Gb Power 6 Gb Ram,336,128 GB,6 GB,64 Mpx,16 Mpx,"6.43 """,1080 px x 2400 px,5000 mAh,179.5 g,159.87 mm x 73.87 mm x 8.09 mm,,2.05 GHz,8,m4-pro-5g,poco,329.0
Xiaomi Pocophone Poco M4 Pro Dual Sim 128 Gb 3 6 Gb Ram,336,128 GB,6 GB,64 Mpx,16 Mpx,"6.43 """,1080 px x 2400 px,5000 mAh,179.5 g,159.87 mm x 73.87 mm x 8.09 mm,,2.05 GHz,8,m4-pro-5g,poco,329.0
Xiaomi Pocophone Poco M4 Pro Dual Sim 128 Gb  6 Gb Ram,336,128 GB,6 GB,64 Mpx,16 Mpx,"6.43 """,1080 px x 2400 px,5000 mAh,179.5 g,159.87 mm x 73.87 mm x 8.09 mm,,2.05 GHz,8,m4-pro-5g,poco,329.0
Xiaomi M4 Pro 256gb ** Oficina Presencial **,274,256 GB,8 GB,64 Mpx,16 Mpx,"6.43 """,1080 px x 2400 px,5000 mAh,179.5 g,159.87 mm x 73.87 mm x 8.09 mm,,2.05 GHz,8,m4-pro-5g,poco,329.0
Poco M3 Pro 5g De 6gb Ram / 128gb Almacenamiento Liberado,320,12 GB,12 GB,,,,,,,,,,,m4-pro-5g,poco,329.0
Celular Xiaomi Poco X4 Pro 5g 8gb 256gb Dual Sim,349,256 GB,8 GB,108 Mpx,16 Mpx,"6.67 """,1080 px x 2340 px,5000 mAh,208 g,16.42 cm x 7.61 cm x 0.81 cm,670 MHz,3.2 GHz,8,m4-pro-5g,poco,329.0
Poco M4 Pro +8gbram+256gb+android11+miui 13 Poco+garantía,288,256 GB,8 GB,64 Mpx,16 Mpx,"6.43 """,1080 px x 2400 px,5000 mAh,179.5 g,159.87 mm x 73.87 mm x 8.09 mm,,2.05 GHz,8,m4-pro-5g,poco,329.0
Poco X4 Pro 5g | F4 | F3 Pro | X3 Gt | Redmi K50 Pro | K40,350,256 GB,8 GB,108 Mpx,16 Mpx,"6.67 """,1080 px x 2400 px,5000 mAh,205 g,164.19 mm x 76.1 mm x 8.12 mm,840 MHz,2.2 GHz,8,m4-pro-5g,poco,329.0
Xiaomi Poco M3 Pro 5g Dual Sim 128 Gb Y 6 Gb Ram,219,128 GB,6 GB,48 Mpx,8 Mpx,"6.5 """,1080 px x 2400 px,5000 mAh,190 g,161.81 mm x 75.34 mm x 8.92 mm,950 MHz,2.2 GHz,8,m4-pro-5g,poco,329.0
Xiaomi Poco F2 Pro 256gb/8gb Ram Totalmente Nuevo.,300,256 GB,8 GB,64 Mpx,20 Mpx,6.67 pulgadas,1080 px x 2340 px,4700 mAh,219 g,163.3 mm x 75.4 mm x 8.9 mm,587 MHz,2.84 GHz,8,m4-pro-5g,poco,329.0
Xiaomi Poco M4 Pro 128gb 6gb 64mpx 5000mah 6.43 Pulgadas,202,128 GB,6 GB,64 Mpx,16 Mpx,"6.43 """,1080 px x 2400 px,5000 mAh,179.5 g,159.87 mm x 73.87 mm x 8.09 mm,,2.05 GHz,8,m4-pro-5g,poco,329.0
Celular Xiaomi Poco X4 Pro 5g,325,128 GB,6 GB,108 Mpx,16 Mpx,"6.67 """,1080 px x 2400 px,5000 mAh,205 g,164.19 mm x 76.1 mm x 8.12 mm,840 MHz,2.2 GHz,8,m4-pro-5g,poco,329.0
Telefono Celular Xiaomi Poco X4 Pro 5g 8gb+256gb Blue,506,256 GB,8 GB,108 Mpx,20 Mpx,"6.67 """,1080 px x 2340 px,4780 mAh,208 g,162.6 mm x 74.8 mm x 8.96 mm,670 MHz,3.2 GHz,8,m4-pro-5g,poco,329.0
Xiaomi Poco F2 Pro 256gb/8gb Ram Totalmente Sellado,290,256 GB,8 GB,64 Mpx,20 Mpx,6.67 pulgadas,1080 px x 2340 px,4700 mAh,219 g,163.3 mm x 75.4 mm x 8.9 mm,587 MHz,2.84 GHz,8,m4-pro-5g,poco,329.0
Xiaomi Poco M3 Pro 5g Dual Sim 128 Gb 6 Gb Ram,190,128 GB,6 GB,48 Mpx,8 Mpx,"6.5 """,1080 px x 2400 px,5000 mAh,190 g,161.81 mm x 75.34 mm x 8.92 mm,950 MHz,2.2 GHz,8,m4-pro-5g,poco,329.0
Celular Xiaomi Poco M4 Pro 4g 8+256gb,279,256 GB,8 GB,64 Mpx,16 Mpx,"6.43 """,1080 px x 2400 px,5000 mAh,179.5 g,159.87 mm x 73.87 mm x 8.09 mm,,2.05 GHz,8,m4-pro-5g,poco,329.0
Xiaomi Pocophone Poco F4 GT Dual SIM 256 GB knight silver 12 GB RAM,659,256 GB,12 GB,64 Mpx,20 Mpx,"6.67 """,1080 px x 2400 px,4700 mAh,210 g,162.5 mm x 76.7 mm x 8.5 mm,818 MHz,3 GHz,8,f3,poco,339.0
Xiaomi Pocophone Poco X4 Pro 5G Dual SIM 256 GB laser blue 8 GB RAM,319,,,,,,,,,,,,,f3,poco,339.0
Teléfono Poco F3 5g 6/128gb,320,12 GB,12 GB,,,,,,,,,,,f3,poco,339.0
Xiaomi Redmi Note 8 Pro Dual SIM 128 GB mineral grey 6 GB RAM,329,128 GB,6 GB,64 Mpx,20 Mpx,"6.53 """,1080 px x 2340 px,4500 mAh,199.8 g,161.35 mm x 76.4 mm x 8.79 mm,800 MHz,2.05 GHz,8,f3,poco,339.0
Poco X4 Gt / F4 5g / F3 Pro / X3 Gt / K40 / Pixel 6 Pro,400,256 GB,12 GB,64 Mpx,20 Mpx,"6.67 """,1080 px x 2400 px,4700 mAh,210 g,162.5 mm x 76.7 mm x 8.5 mm,818 MHz,3 GHz,8,f3,poco,339.0
Poco X4 Pro 5g | F4 | F3 Pro | X3 Gt | Redmi K50 Pro | K40,350,256 GB,8 GB,108 Mpx,16 Mpx,"6.67 """,1080 px x 2400 px,5000 mAh,205 g,164.19 mm x 76.1 mm x 8.12 mm,840 MHz,2.2 GHz,8,f3,poco,339.0
Xiaomi Poco F3 5G Dual SIM 256 GB blanco ártico 8 GB RAM,285,256 GB,8 GB,48 Mpx,20 Mpx,"6.67 """,1080 px x 2400 px,4520 mAh,196 g,163.7 mm x 76.4 mm x 7.8 mm,,3.2 GHz,8,f3,poco,339.0
Xiaomi Poco F3 5G Dual SIM 256 GB negro nocturno 8 GB RAM,380,256 GB,8 GB,48 Mpx,20 Mpx,"6.67 """,1080 px x 2400 px,4520 mAh,196 g,163.7 mm x 76.4 mm x 7.8 mm,,3.2 GHz,8,f3,poco,339.0
Xiaomi Poco F3 256gb/8gb Ram Totalmente Nuevos Sellados,225,256 GB,8 GB,108 Mpx,20 Mpx,"6.67 """,1080 px x 2340 px,4780 mAh,208 g,162.6 mm x 74.8 mm x 8.96 mm,670 MHz,3.2 GHz,8,f3,poco,339.0
Poco F3 +6gbram+128gb+android11+miui 12+garantía,329,128 GB,6 GB,64 Mpx,20 Mpx,"6.53 """,1080 px x 2340 px,4500 mAh,199.8 g,161.35 mm x 76.4 mm x 8.79 mm,800 MHz,2.05 GHz,8,f3,poco,339.0
Xiaomi Poco F3 256gb/8gb Ram Totalmente Sellado,300,256 GB,8 GB,48 Mpx,20 Mpx,6.67 pulgadas,1080 px x 2400 px,4520 mAh,196 g,163.7 mm x 76.4 mm x 7.8 mm,,3.2 GHz,8,f3,poco,339.0
Xiaomi Poco F3 5g Dual Sim 256 Gb Azul Océano  8 Gb Ram 5g,339,256 GB,8 GB,48 Mpx,20 Mpx,"6.67 """,1080 px x 2400 px,4520 mAh,196 g,163.7 mm x 76.4 mm x 7.8 mm,,3.2 GHz,8,f3,poco,339.0
Xiaomi Poco F3 5g Dual Sim 8 Gb Ram 256 Gb Nuevo Blanco,285,256 GB,8 GB,48 Mpx,20 Mpx,"6.67 """,1080 px x 2400 px,4520 mAh,196 g,163.7 mm x 76.4 mm x 7.8 mm,,3.2 GHz,8,f3,poco,339.0
Xiaomi Poco F3 5g Dual Sim 256 Gb Blanco 8 Gb Ram Mobile,280,256 GB,8 GB,48 Mpx,20 Mpx,"6.67 """,1080 px x 2400 px,4520 mAh,196 g,163.7 mm x 76.4 mm x 7.8 mm,,3.2 GHz,8,f3,poco,339.0
Xiaomi Poco F3 5g Dual Sim 256 Gb Negro Nocturno 8 Gb Ram,380,256 GB,8 GB,48 Mpx,20 Mpx,"6.67 """,1080 px x 2400 px,4520 mAh,196 g,163.7 mm x 76.4 mm x 7.8 mm,,3.2 GHz,8,f3,poco,339.0
Cambio O Vendo Poco F3 5g Negro,350,128 GB,6 GB,,,,,,,,,,,f3,poco,339.0
Xiaomi Pocophone Poco X4 Pro 5G Dual SIM 256 GB laser black 8 GB RAM,319,256 GB,8 GB,108 Mpx,16 Mpx,"6.67 """,1080 px x 2400 px,5000 mAh,205 g,164.19 mm x 76.1 mm x 8.12 mm,840 MHz,2.2 GHz,8,x4-pro-5g,poco,449.0
Xiaomi Redmi K50 Gaming Edition Dual SIM 256 GB black 12 GB RAM,548,256 GB,12 GB,64 Mpx,20 Mpx,"6.67 """,1080 px x 2400 px,4700 mAh,210 g,162.5 mm x 76.7 mm x 8.5 mm,818 MHz,3 GHz,8,x4-pro-5g,poco,449.0
Xiaomi Pocophone Poco X4 Pro 5G Dual SIM 256 GB poco yellow 8 GB RAM,339,256 GB,8 GB,108 Mpx,16 Mpx,"6.67 """,1080 px x 2400 px,5000 mAh,205 g,164.19 mm x 76.1 mm x 8.12 mm,840 MHz,2.2 GHz,8,x4-pro-5g,poco,449.0
Xiaomi Pocophone Poco X4 Pro 5G Dual SIM 128 GB laser blue 6 GB RAM,324,128 GB,6 GB,108 Mpx,16 Mpx,"6.67 """,1080 px x 2400 px,5000 mAh,205 g,164.19 mm x 76.1 mm x 8.12 mm,840 MHz,2.2 GHz,8,x4-pro-5g,poco,449.0
Xiaomi Pocophone Poco X4 Pro 5G Dual SIM 256 GB laser blue 8 GB RAM,319,256 GB,8 GB,108 Mpx,16 Mpx,"6.67 """,1080 px x 2400 px,5000 mAh,205 g,164.19 mm x 76.1 mm x 8.12 mm,840 MHz,2.2 GHz,8,x4-pro-5g,poco,449.0
Xiaomi Poco X4 Pro 5g 256gb Ram 8gb Yq1,265,256 GB,8 GB,108 Mpx,20 Mpx,"6.67 """,1080 px x 2340 px,4780 mAh,208 g,162.6 mm x 74.8 mm x 8.96 mm,670 MHz,3.2 GHz,8,x4-pro-5g,poco,449.0
Xiaomi Pocophone Poco F4 GT Dual SIM 256 GB knight silver 12 GB RAM,659,256 GB,12 GB,64 Mpx,20 Mpx,"6.67 """,1080 px x 2400 px,4700 mAh,210 g,162.5 mm x 76.7 mm x 8.5 mm,818 MHz,3 GHz,8,x4-pro-5g,poco,449.0
Xiaomi Pocophone Poco X4 Pro 5G Dual SIM 128 GB poco yellow 6 GB RAM,324,128 GB,6 GB,108 Mpx,16 Mpx,"6.67 """,1080 px x 2400 px,5000 mAh,205 g,164.19 mm x 76.1 mm x 8.12 mm,840 MHz,2.2 GHz,8,x4-pro-5g,poco,449.0
Xiaomi Pocophone Poco X4 Pro 5G Dual SIM 128 GB laser black 6 GB RAM,324,128 GB,6 GB,108 Mpx,16 Mpx,"6.67 """,1080 px x 2400 px,5000 mAh,205 g,164.19 mm x 76.1 mm x 8.12 mm,840 MHz,2.2 GHz,8,x4-pro-5g,poco,449.0
Xiaomi Redmi K50 Gaming / K40 Pro / K40 Gamming / Poco X4 Gt,450,256 GB,12 GB,64 Mpx,20 Mpx,"6.67 """,1080 px x 2400 px,4700 mAh,210 g,162.5 mm x 76.7 mm x 8.5 mm,818 MHz,3 GHz,8,x4-pro-5g,poco,449.0
Poco X4 Pro 5g 8/256gb $350,350,256 GB,8 GB,108 Mpx,16 Mpx,"6.67 """,1080 px x 2400 px,5000 mAh,205 g,164.19 mm x 76.1 mm x 8.12 mm,840 MHz,2.2 GHz,8,x4-pro-5g,poco,449.0
Celular Xiaomi Poco X4 Pro 5g 8gb 256gb Dual Sim,349,256 GB,8 GB,108 Mpx,16 Mpx,"6.67 """,1080 px x 2340 px,5000 mAh,208 g,16.42 cm x 7.61 cm x 0.81 cm,670 MHz,3.2 GHz,8,x4-pro-5g,poco,449.0
Poco X4 Pro 5g | F4 | F3 Pro | X3 Gt | Redmi K50 Pro | K40,350,256 GB,8 GB,108 Mpx,16 Mpx,"6.67 """,1080 px x 2400 px,5000 mAh,205 g,164.19 mm x 76.1 mm x 8.12 mm,840 MHz,2.2 GHz,8,x4-pro-5g,poco,449.0
Celular Xiaomi Poco X4 Pro 5g,325,128 GB,6 GB,108 Mpx,16 Mpx,"6.67 """,1080 px x 2400 px,5000 mAh,205 g,164.19 mm x 76.1 mm x 8.12 mm,840 MHz,2.2 GHz,8,x4-pro-5g,poco,449.0
Celular Xiaomi Poco X4 Pro 5g 8gb 256gb,349,256 GB,8 GB,108 Mpx,16 Mpx,"6.67 """,1080 px x 2400 px,5000 mAh,205 g,164.19 mm x 76.1 mm x 8.12 mm,840 MHz,2.2 GHz,8,x4-pro-5g,poco,449.0
Celular Poco X4 Pro 5g 8gb 256gb,359,256 GB,8 GB,108 Mpx,16 Mpx,"6.67 """,1080 px x 2400 px,5000 mAh,205 g,164.19 mm x 76.1 mm x 8.12 mm,840 MHz,2.2 GHz,8,x4-pro-5g,poco,449.0
Telefono Celular Xiaomi Poco X4 Pro 5g 8gb+256gb Blue,506,256 GB,8 GB,108 Mpx,20 Mpx,"6.67 """,1080 px x 2340 px,4780 mAh,208 g,162.6 mm x 74.8 mm x 8.96 mm,670 MHz,3.2 GHz,8,x4-pro-5g,poco,449.0
Telefono Celular Xiaomi Poco X4 Pro 5g 8gb+256gb Black,506,256 GB,8 GB,108 Mpx,20 Mpx,"6.67 """,1080 px x 2340 px,4780 mAh,208 g,162.6 mm x 74.8 mm x 8.96 mm,670 MHz,3.2 GHz,8,x4-pro-5g,poco,449.0
Telefono Celular Xiaomi Poco X4 Pro 5g 8gb+256gb Yellow,506,256 GB,8 GB,108 Mpx,20 Mpx,"6.67 """,1080 px x 2340 px,4780 mAh,208 g,162.6 mm x 74.8 mm x 8.96 mm,670 MHz,3.2 GHz,8,x4-pro-5g,poco,449.0
Celular Poco X4 Pro 5g 6gb 128gb,324,128 GB,6 GB,108 Mpx,16 Mpx,"6.67 """,1080 px x 2400 px,5000 mAh,205 g,164.19 mm x 76.1 mm x 8.12 mm,840 MHz,2.2 GHz,8,x4-pro-5g,poco,449.0
Celular Xiaomi Poco X4pro+256gb+8ram+nuevos Local Fisico,329,256 GB,8 GB,108 Mpx,16 Mpx,"6.67 """,1080 px x 2400 px,5000 mAh,205 g,164.19 mm x 76.1 mm x 8.12 mm,840 MHz,2.2 GHz,8,x4-pro-5g,poco,449.0
Xiaomi Pocophone Poco X4 Pro 5g **oficina Real**,350,256 GB,8 GB,108 Mpx,16 Mpx,"6.67 """,1080 px x 2400 px,5000 mAh,205 g,164.19 mm x 76.1 mm x 8.12 mm,840 MHz,2.2 GHz,8,x4-pro-5g,poco,449.0
Xiaomi Poco X4 Pro 256/8+3g Libres De Fabrica,339,256 GB,8 GB,108 Mpx,16 Mpx,"6.67 """,1080 px x 2400 px,5000 mAh,205 g,164.19 mm x 76.1 mm x 8.12 mm,840 MHz,2.2 GHz,8,x4-pro-5g,poco,449.0
Celular Xiaomi Poco X4 Pro 5g 256gb / 8ram / Crédito Directo,344,256 GB,8 GB,108 Mpx,16 Mpx,"6.67 """,1080 px x 2400 px,5000 mAh,205 g,164.19 mm x 76.1 mm x 8.12 mm,840 MHz,2.2 GHz,8,x4-pro-5g,poco,449.0
Poco X4 Pro 256gb Mica Hidrogel * Oficina Presencial *,319,256 GB,8 GB,108 Mpx,16 Mpx,"6.67 """,1080 px x 2400 px,5000 mAh,205 g,164.19 mm x 76.1 mm x 8.12 mm,840 MHz,2.2 GHz,8,x4-pro-5g,poco,449.0
Poco X4 Pro 5g 256gb + 8gb Gsm 6.6  108 Mpx Cámara Triple,344,256 GB,8 GB,108 Mpx,16 Mpx,"6.67 """,1080 px x 2400 px,5000 mAh,205 g,164.19 mm x 76.1 mm x 8.12 mm,840 MHz,2.2 GHz,8,x4-pro-5g,poco,449.0
Xiaomi Poco X4 Pro 5g 256gb/8gb Ram Sellado De Fabrica.,280,256 GB,8 GB,108 Mpx,20 Mpx,"6.67 """,1080 px x 2340 px,4780 mAh,208 g,162.6 mm x 74.8 mm x 8.96 mm,670 MHz,3.2 GHz,8,x4-pro-5g,poco,449.0
Poco X4 Pro 256gb 8gb Ram Snapdragon 5g 108mpx 5g 6.67 67w,339,256 GB,8 GB,108 Mpx,16 Mpx,"6.67 """,1080 px x 2400 px,5000 mAh,205 g,164.19 mm x 76.1 mm x 8.12 mm,840 MHz,2.2 GHz,8,x4-pro-5g,poco,449.0
Xiaomi Pocophone Poco X4 Pro 5g Dual Sim 128 Gb,250,128 GB,6 GB,108 Mpx,16 Mpx,"6.67 """,1080 px x 2400 px,5000 mAh,205 g,164.19 mm x 76.1 mm x 8.12 mm,840 MHz,2.2 GHz,8,x4-pro-5g,poco,449.0
"Poco X4 Pro 5g 256gb + 8gb 108 Mpx, Snapdragon 695 2.2ghz",344,256 GB,8 GB,108 Mpx,16 Mpx,"6.67 """,1080 px x 2400 px,5000 mAh,205 g,164.19 mm x 76.1 mm x 8.12 mm,840 MHz,2.2 GHz,8,x4-pro-5g,poco,449.0
Poco X4 Gt / F4 5g / F3 Pro / X3 Gt / K40 / Pixel 6 Pro,400,256 GB,12 GB,64 Mpx,20 Mpx,"6.67 """,1080 px x 2400 px,4700 mAh,210 g,162.5 mm x 76.7 mm x 8.5 mm,818 MHz,3 GHz,8,x4-pro-5g,poco,449.0
Xiaomi Pocophone Poco X4 Pro 5g Dual Sim 256gb Y 8gb Ram,340,256 GB,8 GB,108 Mpx,16 Mpx,"6.67 """,1080 px x 2400 px,5000 mAh,205 g,164.19 mm x 76.1 mm x 8.12 mm,840 MHz,2.2 GHz,8,x4-pro-5g,poco,449.0
Xiaomi Poco X4 Pro 5g 256gb/8gb Ram Totalmente Nuevo.,340,256 GB,8 GB,108 Mpx,16 Mpx,6.67 pulgadas,1080 px x 2400 px,5000 mAh,205 g,164.19 mm x 76.1 mm x 8.12 mm,840 MHz,2.2 GHz,8,x4-pro-5g,poco,449.0
Xiaomi Poco X4 Pro 5g 6gb Ram Y 128gb Rom,340,128 GB,6 GB,108 Mpx,16 Mpx,"6.67 """,1080 px x 2400 px,5000 mAh,205 g,164.19 mm x 76.1 mm x 8.12 mm,840 MHz,2.2 GHz,8,x4-pro-5g,poco,449.0
Xiaomi Poco X4 Pro 5g 256gb/8gb Ram Totalmente Sellado,350,256 GB,8 GB,108 Mpx,20 Mpx,"6.67 """,1080 px x 2340 px,4780 mAh,208 g,162.6 mm x 74.8 mm x 8.96 mm,670 MHz,3.2 GHz,8,x4-pro-5g,poco,449.0
Xiaomi Pocophone Poco X4 Pro 5g Dual Sim 256 Gb 8 Gb Ram Yq3,270,256 GB,8 GB,108 Mpx,16 Mpx,"6.67 """,1080 px x 2400 px,5000 mAh,205 g,164.19 mm x 76.1 mm x 8.12 mm,840 MHz,2.2 GHz,8,x4-pro-5g,poco,449.0
Xiaomi Poco X4 Pro 5g Dual Sim 256 Gb 8 Gb Ram,330,256 GB,8 GB,108 Mpx,16 Mpx,"6.67 """,1080 px x 2400 px,5000 mAh,205 g,164.19 mm x 76.1 mm x 8.12 mm,840 MHz,2.2 GHz,8,x4-pro-5g,poco,449.0
Xiaomi Pocophone Poco X4 Pro 5g Dual Sim 256 Gb Black 8  Ram,400,256 GB,8 GB,108 Mpx,16 Mpx,"6.67 """,1080 px x 2400 px,5000 mAh,205 g,164.19 mm x 76.1 mm x 8.12 mm,840 MHz,2.2 GHz,8,x4-pro-5g,poco,449.0
Xiaomi  Poco X4 Pro 5g -256 Gb Laser Black 8 Gb Ram,366,256 GB,8 GB,108 Mpx,16 Mpx,"6.67 """,1080 px x 2400 px,5000 mAh,205 g,164.19 mm x 76.1 mm x 8.12 mm,840 MHz,2.2 GHz,8,x4-pro-5g,poco,449.0
Xiaomi Pocophone Poco X4 Pro 5g Dual Sim 256 Gb 8 Gb Ram,320,256 GB,8 GB,108 Mpx,16 Mpx,"6.67 """,1080 px x 2400 px,5000 mAh,205 g,164.19 mm x 76.1 mm x 8.12 mm,840 MHz,2.2 GHz,8,x4-pro-5g,poco,449.0
Xiaomi Pocophone Poco X4 Pro 5g Dual Sim 128 Gb Bck 6 Gb Ram,370,128 GB,6 GB,108 Mpx,16 Mpx,"6.67 """,1080 px x 2400 px,5000 mAh,205 g,164.19 mm x 76.1 mm x 8.12 mm,840 MHz,2.2 GHz,8,x4-pro-5g,poco,449.0
Xiaomi Pocophone X4 Pro 5g Dual Sim 256 Gb 8 Gb Ram Mobile,320,,,,,,,,,,,,,x4-pro-5g,poco,449.0
Xiaomi Poco X4 Pro 5g 256gb/8gb Ram Nuevo Y Sellado,299,256 GB,8 GB,108 Mpx,20 Mpx,6.67 pulgadas,1080 px x 2340 px,5000 mAh,208 g,162.6 mm x 74.8 mm x 8.96 mm,670 MHz,3.2 GHz,8,x4-pro-5g,poco,449.0
Xiaomi Pocox4 Pro 5g 256/8gb Poco X4 Gt 256/8 Ram + Garantía,265,256 GB,8 GB,108 Mpx,20 Mpx,"6.67 """,1080 px x 2340 px,4780 mAh,208 g,162.6 mm x 74.8 mm x 8.96 mm,670 MHz,3.2 GHz,8,x4-pro-5g,poco,449.0
Xiaomi Pocox4 Pro 5g 256/8gb Poco X4 Gt 256/8 Ram + Garantía,260,256 GB,12 GB,108 Mpx,20 Mpx,"6.67 """,1080 px x 2340 px,4780 mAh,208 g,162.6 mm x 74.8 mm x 8.96 mm,670 MHz,3.2 GHz,8,x4-pro-5g,poco,449.0
Celular Xiaomi Poco X4 Pro 5g 128gb Laser Black,310,128 GB,6 GB,108 Mpx,16 Mpx,"6.67 """,1080 px x 2400 px,5000 mAh,205 g,164.19 mm x 76.1 mm x 8.12 mm,840 MHz,2.2 GHz,8,x4-pro-5g,poco,449.0
Celular Xiaomi Poco X4 Pro 5g 8gb 256gb,349,256 GB,8 GB,108 Mpx,16 Mpx,"6.67 """,1080 px x 2400 px,5000 mAh,205 g,164.19 mm x 76.1 mm x 8.12 mm,840 MHz,2.2 GHz,8,x4-pro-5g,poco,449.0
Xiaomi Mi 11 Lite 5G NE Dual SIM 256 GB negro trufa 8 GB RAM,347,256 GB,8 GB,64 Mpx,20 Mpx,"6.55 """,1080 px x 2400 px,4250 mAh,158 g,160.53 mm x 75.73 mm x 6.81 mm,,2.4 GHz,8,11-lite-5g-ne,xiaomi,359.0
Xiaomi Mi 11 Lite 5G NE Dual SIM 256 GB azul chicle 8 GB RAM,371,256 GB,8 GB,64 Mpx,20 Mpx,"6.55 """,1080 px x 2400 px,4250 mAh,158 g,160.53 mm x 75.73 mm x 6.81 mm,,2.4 GHz,8,11-lite-5g-ne,xiaomi,359.0
Xiaomi Mi 11 Lite 5G NE Dual SIM 128 GB negro trufa 8 GB RAM,344,128 GB,8 GB,64 Mpx,20 Mpx,"6.55 """,1080 px x 2400 px,4250 mAh,158 g,160.53 mm x 75.73 mm x 6.81 mm,,2.4 GHz,8,11-lite-5g-ne,xiaomi,359.0
Xiaomi Mi 11 Lite 5G NE Dual SIM 256 GB blanco copo de nieve 8 GB RAM,371,256 GB,8 GB,64 Mpx,20 Mpx,"6.55 """,1080 px x 2400 px,4250 mAh,158 g,160.53 mm x 75.73 mm x 6.81 mm,,2.4 GHz,8,11-lite-5g-ne,xiaomi,359.0
Xiaomi Mi 11 Lite 5G NE Dual SIM 128 GB rosa melocotón 8 GB RAM,344,128 GB,8 GB,64 Mpx,20 Mpx,"6.55 """,1080 px x 2400 px,4250 mAh,158 g,160.53 mm x 75.73 mm x 6.81 mm,,2.4 GHz,8,11-lite-5g-ne,xiaomi,359.0
Xiaomi Mi 11 Lite 5G NE Dual SIM 128 GB azul chicle 8 GB RAM,344,128 GB,8 GB,64 Mpx,20 Mpx,"6.55 """,1080 px x 2400 px,4250 mAh,158 g,160.53 mm x 75.73 mm x 6.81 mm,,2.4 GHz,8,11-lite-5g-ne,xiaomi,359.0
Xiaomi Mi 11 Lite 5G NE Dual SIM 256 GB rosa melocotón 8 GB RAM,371,256 GB,8 GB,64 Mpx,20 Mpx,"6.55 """,1080 px x 2400 px,4250 mAh,158 g,160.53 mm x 75.73 mm x 6.81 mm,,2.4 GHz,8,11-lite-5g-ne,xiaomi,359.0
Xiaomi Mi 11 Lite 5G NE Dual SIM 128 GB blanco copo de nieve 8 GB RAM,344,128 GB,8 GB,64 Mpx,20 Mpx,"6.55 """,1080 px x 2400 px,4250 mAh,158 g,160.53 mm x 75.73 mm x 6.81 mm,,2.4 GHz,8,11-lite-5g-ne,xiaomi,359.0
Xiaomi Mi 11 Lite 5G NE Dual SIM 256 GB verde menta 8 GB RAM,371,256 GB,8 GB,64 Mpx,20 Mpx,"6.55 """,1080 px x 2400 px,4250 mAh,158 g,160.53 mm x 75.73 mm x 6.81 mm,,2.4 GHz,8,11-lite-5g-ne,xiaomi,359.0
Xiaomi Mi 11 Lite 5G NE Dual SIM 128 GB verde menta 8 GB RAM,344,128 GB,8 GB,64 Mpx,20 Mpx,"6.55 """,1080 px x 2400 px,4250 mAh,158 g,160.53 mm x 75.73 mm x 6.81 mm,,2.4 GHz,8,11-lite-5g-ne,xiaomi,359.0
Xiaomi Mi 11 Lite Ne 256gb 8gb Ram 64mpx 4250mah 6.55 33w,347,256 GB,8 GB,64 Mpx,20 Mpx,"6.55 """,1080 px x 2400 px,4250 mAh,158 g,160.53 mm x 75.73 mm x 6.81 mm,,2.4 GHz,8,11-lite-5g-ne,xiaomi,359.0
Celular Xiaomi Mi 11 Lite 5g Ne 8gb 256gb,371,256 GB,8 GB,64 Mpx,20 Mpx,"6.55 """,1080 px x 2400 px,4250 mAh,158 g,160.53 mm x 75.73 mm x 6.81 mm,,2.4 GHz,8,11-lite-5g-ne,xiaomi,359.0
Celular Xiaomi Mi 11 Lite 5g Ne 8gb 128gb,344,128 GB,8 GB,64 Mpx,20 Mpx,"6.55 """,1080 px x 2400 px,4250 mAh,158 g,160.53 mm x 75.73 mm x 6.81 mm,,2.4 GHz,8,11-lite-5g-ne,xiaomi,359.0
Xiaomi Mi 11 Lite 5g 8gb Ram Y 256gb Ram,380,256 GB,8 GB,64 Mpx,20 Mpx,"6.55 """,1080 px x 2400 px,4250 mAh,158 g,160.53 mm x 75.73 mm x 6.81 mm,,2.4 GHz,8,11-lite-5g-ne,xiaomi,359.0
Celular Xiaomi 11 Lite 5g,300,128 GB,8 GB,64 Mpx,20 Mpx,"6.55 """,1080 px x 2400 px,4250 mAh,158 g,160.53 mm x 75.73 mm x 6.81 mm,,2.4 GHz,8,11-lite-5g-ne,xiaomi,359.0
Xiaomi 12 Lite 5G Dual SIM 256 GB negro 8 GB RAM,463,256 GB,8 GB,108 Mpx,32 Mpx,"6.55 """,1080 px x 2400 px,4300 mAh,173 g,159.3 mm x 73.7 mm x 7.29 mm,490 MHz,2.4 GHz,8,12-lite,xiaomi,519.0
Xiaomi 12 Lite 5G Dual SIM 128 GB negro 6 GB RAM,419,128 GB,6 GB,108 Mpx,32 Mpx,"6.55 """,1080 px x 2400 px,4300 mAh,173 g,159.3 mm x 73.7 mm x 7.29 mm,490 MHz,2.4 GHz,8,12-lite,xiaomi,519.0
Xiaomi 12 Lite 5G Dual SIM 128 GB rosa lite 8 GB RAM,424,,,,,,,,,,,,,12-lite,xiaomi,519.0
Xiaomi 12 Lite 5G Dual SIM 128 GB verde lite 8 GB RAM,424,128 GB,8 GB,108 Mpx,32 Mpx,"6.55 """,1080 px x 2400 px,4300 mAh,173 g,159.3 mm x 73.7 mm x 7.29 mm,490 MHz,2.4 GHz,8,12-lite,xiaomi,519.0
Xiaomi 12 Lite 5G Dual SIM 128 GB negro 8 GB RAM,424,128 GB,8 GB,108 Mpx,32 Mpx,"6.55 """,1080 px x 2400 px,4300 mAh,173 g,159.3 mm x 73.7 mm x 7.29 mm,490 MHz,2.4 GHz,8,12-lite,xiaomi,519.0
Display Xiaomi Mi A2 Lite,33,,,,,,,,,,,,,12-lite,xiaomi,519.0
Celular Xiaomi Mi 12 Lite 5g 8gb 128gb,424,128 GB,8 GB,108 Mpx,32 Mpx,"6.55 """,1080 px x 2400 px,4300 mAh,173 g,159.3 mm x 73.7 mm x 7.29 mm,490 MHz,2.4 GHz,8,12-lite,xiaomi,519.0
Mica 9d Samsung A30 2019 Mejor Precio,2,3 GB,2 GB,12 Mpx,7 Mpx,,1080 px x 2280 px,,,,,,6,12-lite,xiaomi,519.0
Mica 9d Xiaomi Mia 8 Lite Al Mejor Precio $4.80,4,,,,,,,,,,,,,12-lite,xiaomi,519.0
Mica De Nano Gel Huawei Y9 2019,4,,,,,,,,,,,,,12-lite,xiaomi,519.0
Xiaomi Mi 11 Lite Dual SIM 128 GB boba black 8 GB RAM,329,128 GB,8 GB,64 Mpx,16 Mpx,"6.55 """,1080 px x 2400 px,4250 mAh,157 g,160.53 mm x 75.73 mm x 6.81 mm,,2.3 GHz,8,12-lite,xiaomi,519.0
Xiaomi 12 Dual SIM 256 GB azul 8 GB RAM,734,256 GB,8 GB,50 Mpx,32 Mpx,"6.28 """,1080 px x 2400 px,4500 mAh,180 g,152.7 mm x 69.9 mm x 8.16 mm,,3 GHz,8,12-lite,xiaomi,519.0
#519396214  Xiaomi Mi 12 Lite 128gb 6gb Ram 108mpx 120hz 43,419,128 GB,6 GB,108 Mpx,32 Mpx,"6.55 """,1080 px x 2400 px,4300 mAh,173 g,159.3 mm x 73.7 mm x 7.29 mm,490 MHz,2.4 GHz,8,12-lite,xiaomi,519.0
Xiaomi Mi 11 Lite +8gbram+128gb+android11+miui 12+garantía,329,128 GB,8 GB,64 Mpx,16 Mpx,"6.55 """,1080 px x 2400 px,4250 mAh,157 g,160.53 mm x 75.73 mm x 6.81 mm,,2.3 GHz,8,12-lite,xiaomi,519.0
Xiaomi 12 Lite 256 Gigas Mercado Lider Gold,489,256 GB,8 GB,50 Mpx,32 Mpx,"6.28 """,1080 px x 2400 px,4500 mAh,180 g,152.7 mm x 69.9 mm x 8.16 mm,,3 GHz,8,12-lite,xiaomi,519.0
Xiaomi 11 Lite +8gbram+256gb+android11+miui 12+garantía,399,128 GB,8 GB,64 Mpx,16 Mpx,"6.55 """,1080 px x 2400 px,4250 mAh,157 g,160.53 mm x 75.73 mm x 6.81 mm,,2.3 GHz,8,12-lite,xiaomi,519.0
Xiaomi 12 Lite 5g 256gb / 12 Ram+ Estuche + Garantía,400,256 GB,8 GB,108 Mpx,32 Mpx,"6.55 """,1080 px x 2400 px,4300 mAh,173 g,159.3 mm x 73.7 mm x 7.29 mm,490 MHz,2.4 GHz,8,12-lite,xiaomi,519.0
Xiaomi Mi 12 Lite 8gb Ram Y 256gb Rom,480,256 GB,8 GB,108 Mpx,32 Mpx,6.55 pulgadas,2400 px x 1080 px,4300 mAh,208 g,159.3 mm x 73.3 mm x 7.29 mm,670 MHz,3.2 GHz,8,12-lite,xiaomi,519.0
Celular Xiaomi Mi A2 Lite,75,64 GB,4 GB,12 Mpx,5 Mpx,"5.84 """,1080 px x 2280 px,4000 mAh,178 g,149.33 mm x 71.68 mm x 8.75 mm,650 MHz,2 GHz,8,12-lite,xiaomi,519.0
Xiaomi Mi 11T Pro Dual SIM 256 GB gris meteorito 12 GB RAM,610,256 GB,12 GB,108 Mpx,16 Mpx,"6.67 """,1080 px x 2400 px,5000 mAh,204 g,164.1 mm x 76.9 mm x 8.8 mm,,2.84 GHz,8,11t-pro,xiaomi,599.0
Xiaomi Mi 11T Pro Dual SIM 128 GB gris meteorito 8 GB RAM,519,128 GB,8 GB,108 Mpx,16 Mpx,"6.67 """,1080 px x 2400 px,5000 mAh,204 g,164.1 mm x 76.9 mm x 8.8 mm,,2.84 GHz,8,11t-pro,xiaomi,599.0
Xiaomi Mi 11t Pro 256gb/12gb Ram Totalmente Sellado,500,256 GB,12 GB,108 Mpx,16 Mpx,6.67 pulgadas,1080 px x 2400 px,5000 mAh,204 g,164.1 mm x 76.9 mm x 8.8 mm,,2.84 GHz,8,11t-pro,xiaomi,599.0
"Celular Xiaomi 11t Pro 5gb, 8gb, 256gb",519,128 GB,8 GB,108 Mpx,16 Mpx,"6.67 """,1080 px x 2400 px,5000 mAh,204 g,164.1 mm x 76.9 mm x 8.8 mm,,2.84 GHz,8,11t-pro,xiaomi,599.0
Xiaomi Mi 11t Pro Dual Sim 256 Gb 8 Gb Ram,490,256 GB,8 GB,108 Mpx,16 Mpx,"6.67 """,1080 px x 2400 px,5000 mAh,204 g,164.1 mm x 76.9 mm x 8.8 mm,,2.84 GHz,8,11t-pro,xiaomi,599.0
"Celular Xiaomi 11t Pro 12gb, 256gb",610,256 GB,12 GB,108 Mpx,16 Mpx,"6.67 """,1080 px x 2400 px,5000 mAh,204 g,164.1 mm x 76.9 mm x 8.8 mm,,2.84 GHz,8,11t-pro,xiaomi,599.0
Xiaomi Mi 11t Pro Dual Sim 256 Gb Azul Celestial 12 Gb Ram,400,256 GB,12 GB,108 Mpx,16 Mpx,"6.67 """,1080 px x 2400 px,5000 mAh,204 g,164.1 mm x 76.9 mm x 8.8 mm,,2.84 GHz,8,11t-pro,xiaomi,599.0
Xiaomi 12t Pro Ram 12gb Rom 256gb 200mp  Pantalla 67,63,256 GB,12 GB,200 Mpx,8 Mpx,"6.67 """,1220 x 2712 pixels,5000 mAh,202 g,162.6 mm x 74.8 mm x 8.96 mm,670 MHz,3.2 GHz,8,12t,xiaomi,629.0
Xiaomi 12t Pro 256gb/12gb Ram Totalmente Sellado,700,256 GB,12 GB,108 Mpx,20 Mpx,6.67 pulgadas,1080 px x 2340 px,5000 mAh,208 g,162.6 mm x 74.8 mm x 8.96 mm,670 MHz,3.2 GHz,8,12t,xiaomi,629.0
Xiaomi 12t / Xiaomi 12t Pro,770,256 GB,8 GB,108 Mpx,20 Mpx,"6.67 """,1080 px x 2340 px,4780 mAh,208 g,162.6 mm x 74.8 mm x 8.96 mm,670 MHz,3.2 GHz,8,12t,xiaomi,629.0
Xiaomi 12t Pro Ram 12gb Rom 256gb 200mp  Pantalla 67,63,256 GB,12 GB,200 Mpx,8 Mpx,"6.67 """,1220 x 2712 pixels,5000 mAh,202 g,162.6 mm x 74.8 mm x 8.96 mm,670 MHz,3.2 GHz,8,12t-pro,xiaomi,759.0
Xiaomi 12t Pro 256gb/12gb Ram Totalmente Sellado,700,256 GB,12 GB,108 Mpx,20 Mpx,6.67 pulgadas,1080 px x 2340 px,5000 mAh,208 g,162.6 mm x 74.8 mm x 8.96 mm,670 MHz,3.2 GHz,8,12t-pro,xiaomi,759.0
Xiaomi 12t / Xiaomi 12t Pro,770,256 GB,8 GB,108 Mpx,20 Mpx,"6.67 """,1080 px x 2340 px,4780 mAh,208 g,162.6 mm x 74.8 mm x 8.96 mm,670 MHz,3.2 GHz,8,12t-pro,xiaomi,759.0
Xiaomi Redmi Note 11 Pro Dual SIM 128 GB azul estelar 8 GB RAM,314,128 GB,8 GB,108 Mpx,16 Mpx,"6.67 """,1080 px x 2400 px,5000 mAh,202 g,164.19 mm x 76.1 mm x 8.12 mm,,2.05 GHz,8,12t-pro,xiaomi,759.0
Xiaomi Pocophone Poco X4 Pro 5G Dual SIM 256 GB laser black 8 GB RAM,319,256 GB,8 GB,108 Mpx,16 Mpx,"6.67 """,1080 px x 2400 px,5000 mAh,205 g,164.19 mm x 76.1 mm x 8.12 mm,840 MHz,2.2 GHz,8,12t-pro,xiaomi,759.0
Xiaomi Pocophone Poco X4 Pro 5G Dual SIM 256 GB poco yellow 8 GB RAM,339,256 GB,8 GB,108 Mpx,16 Mpx,"6.67 """,1080 px x 2400 px,5000 mAh,205 g,164.19 mm x 76.1 mm x 8.12 mm,840 MHz,2.2 GHz,8,12t-pro,xiaomi,759.0
Xiaomi Pocophone Poco M4 Pro Dual SIM 128 GB power black 6 GB RAM,202,128 GB,6 GB,64 Mpx,16 Mpx,"6.43 """,1080 px x 2400 px,5000 mAh,179.5 g,159.87 mm x 73.87 mm x 8.09 mm,,2.05 GHz,8,12t-pro,xiaomi,759.0
Xiaomi Redmi Note 11 Pro Dual SIM 128 GB azul estelar 6 GB RAM,294,128 GB,6 GB,108 Mpx,16 Mpx,"6.67 """,1080 px x 2400 px,5000 mAh,202 g,164.19 mm x 76.1 mm x 8.12 mm,,2.05 GHz,8,12t-pro,xiaomi,759.0
Xiaomi Redmi Note 11 Pro+ 5G (Snapdragon) Dual SIM 128 GB stealth black 6 GB RAM,309,128 GB,6 GB,108 Mpx,16 Mpx,"6.67 """,1080 px x 2400 px,5000 mAh,202 g,164.2 mm x 76.1 mm x 8.1 mm,840 MHz,2.2 GHz,8,12t-pro,xiaomi,759.0
Xiaomi Redmi Note 10 Pro (China) Dual SIM 128 GB stargaze black 8 GB RAM,285,128 GB,8 GB,64 Mpx,16 Mpx,"6.6 """,1080 px x 2400 px,5000 mAh,193 g,163.3 mm x 75.9 mm x 8.9 mm,836 MHz,2.6 GHz,8,12t-pro,xiaomi,759.0
Xiaomi Pocophone Poco M4 Pro Dual SIM 128 GB cool blue 6 GB RAM,229,128 GB,6 GB,64 Mpx,16 Mpx,"6.43 """,1080 px x 2400 px,5000 mAh,179.5 g,159.87 mm x 73.87 mm x 8.09 mm,,2.05 GHz,8,12t-pro,xiaomi,759.0
Xiaomi Pocophone Poco M4 Pro Dual SIM 256 GB power black 8 GB RAM,274,256 GB,8 GB,64 Mpx,16 Mpx,"6.43 """,1080 px x 2400 px,5000 mAh,179.5 g,159.87 mm x 73.87 mm x 8.09 mm,,2.05 GHz,8,12t-pro,xiaomi,759.0
Xiaomi Redmi Note 10 Pro (Global) Dual SIM 128 GB gris ónix 6 GB RAM,249,128 GB,6 GB,108 Mpx,16 Mpx,"6.67 """,1080 px x 2400 px,5020 mAh,193 g,164 mm x 76.5 mm x 8.1 mm,,2.3 GHz,8,12t-pro,xiaomi,759.0
Xiaomi Pocophone Poco X4 Pro 5G Dual SIM 128 GB laser blue 6 GB RAM,324,128 GB,6 GB,108 Mpx,16 Mpx,"6.67 """,1080 px x 2400 px,5000 mAh,205 g,164.19 mm x 76.1 mm x 8.12 mm,840 MHz,2.2 GHz,8,12t-pro,xiaomi,759.0
Xiaomi Redmi Note 11 Pro Dual SIM 128 GB gris grafito 8 GB RAM,314,128 GB,8 GB,108 Mpx,16 Mpx,"6.67 """,1080 px x 2400 px,5000 mAh,202 g,164.19 mm x 76.1 mm x 8.12 mm,,2.05 GHz,8,12t-pro,xiaomi,759.0
Xiaomi Pocophone Poco M4 Pro Dual SIM 128 GB poco yellow 6 GB RAM,336,128 GB,6 GB,64 Mpx,16 Mpx,"6.43 """,1080 px x 2400 px,5000 mAh,179.5 g,159.87 mm x 73.87 mm x 8.09 mm,,2.05 GHz,8,12t-pro,xiaomi,759.0
Xiaomi Pocophone Poco M3 Pro 5G Dual SIM 128 GB power black 6 GB RAM,198,128 GB,6 GB,48 Mpx,8 Mpx,"6.5 """,1080 px x 2400 px,5000 mAh,190 g,161.81 mm x 75.34 mm x 8.92 mm,950 MHz,2.2 GHz,8,12t-pro,xiaomi,759.0
Xiaomi Redmi Note 10 Pro (Global) Dual SIM 128 GB gris ónix 8 GB RAM,265,128 GB,8 GB,108 Mpx,16 Mpx,"6.67 """,1080 px x 2400 px,5020 mAh,193 g,164 mm x 76.5 mm x 8.1 mm,,2.3 GHz,8,12t-pro,xiaomi,759.0
Xiaomi Redmi Note 10 Pro (Global) Dual SIM 128 GB azul glaciar 6 GB RAM,274,128 GB,6 GB,108 Mpx,16 Mpx,"6.67 """,1080 px x 2400 px,5020 mAh,193 g,164 mm x 76.5 mm x 8.1 mm,,2.3 GHz,8,12t-pro,xiaomi,759.0
Xiaomi Pocophone Poco X4 Pro 5G Dual SIM 256 GB laser blue 8 GB RAM,319,256 GB,8 GB,108 Mpx,16 Mpx,"6.67 """,1080 px x 2400 px,5000 mAh,205 g,164.19 mm x 76.1 mm x 8.12 mm,840 MHz,2.2 GHz,8,12t-pro,xiaomi,759.0
Xiaomi Redmi Note 11 Pro 5G (Global) Dual SIM 128 GB gris grafito 8 GB RAM,325,128 GB,8 GB,108 Mpx,16 Mpx,"6.67 """,1080 px x 2400 px,5000 mAh,202 g,164.19 mm x 76.1 mm x 8.12 mm,840 MHz,2.2 GHz,8,12t-pro,xiaomi,759.0
Xiaomi Mi 11X Pro Dual SIM 256 GB celestial silver 8 GB RAM,145,256 GB,8 GB,108 Mpx,20 Mpx,"6.67 """,1080 px x 2400 px,4520 mAh,196 g,163.7 mm x 76.4 mm x 7.8 mm,,2.84 GHz,8,12t-pro,xiaomi,759.0
Xiaomi Redmi Note 10 Pro (Global) Dual SIM 128 GB verde aurora 8 GB RAM,289,128 GB,8 GB,108 Mpx,16 Mpx,"6.67 """,1080 px x 2400 px,5020 mAh,193 g,164 mm x 76.5 mm x 8.1 mm,,2.3 GHz,8,12t-pro,xiaomi,759.0
Xiaomi Redmi K50 Gaming  256 Gb | K40 Pro | K40 Gamming,450,256 GB,12 GB,64 Mpx,20 Mpx,"6.67 """,1080 px x 2400 px,4700 mAh,210 g,162.5 mm x 76.7 mm x 8.5 mm,818 MHz,3 GHz,8,12t-pro,xiaomi,759.0
Xiaomi Redmi Note 11 Pro Dual SIM 128 GB gris grafito 6 GB RAM,294,128 GB,6 GB,108 Mpx,16 Mpx,"6.67 """,1080 px x 2400 px,5000 mAh,202 g,164.19 mm x 76.1 mm x 8.12 mm,,2.05 GHz,8,12t-pro,xiaomi,759.0
Xiaomi Poco X4 Pro 5g 256gb Ram 8gb Yq1,265,256 GB,8 GB,108 Mpx,20 Mpx,"6.67 """,1080 px x 2340 px,4780 mAh,208 g,162.6 mm x 74.8 mm x 8.96 mm,670 MHz,3.2 GHz,8,12t-pro,xiaomi,759.0
Xiaomi Redmi Note 11 Pro Dual SIM 128 GB blanco polar 6 GB RAM,294,128 GB,6 GB,108 Mpx,16 Mpx,"6.67 """,1080 px x 2400 px,5000 mAh,202 g,164.19 mm x 76.1 mm x 8.12 mm,,2.05 GHz,8,12t-pro,xiaomi,759.0
Xiaomi Redmi Note 11 Pro Dual SIM 128 GB blanco polar 8 GB RAM,314,128 GB,8 GB,108 Mpx,16 Mpx,"6.67 """,1080 px x 2400 px,5000 mAh,202 g,164.19 mm x 76.1 mm x 8.12 mm,,2.05 GHz,8,12t-pro,xiaomi,759.0
Xiaomi Mi 11T Pro Dual SIM 256 GB gris meteorito 12 GB RAM,610,256 GB,12 GB,108 Mpx,16 Mpx,"6.67 """,1080 px x 2400 px,5000 mAh,204 g,164.1 mm x 76.9 mm x 8.8 mm,,2.84 GHz,8,12t-pro,xiaomi,759.0
Poco X4 Gt / F4 5g / F3 Pro / X3 Gt / K40 / Pixel 6 Pro,400,256 GB,12 GB,64 Mpx,20 Mpx,"6.67 """,1080 px x 2400 px,4700 mAh,210 g,162.5 mm x 76.7 mm x 8.5 mm,818 MHz,3 GHz,8,12t-pro,xiaomi,759.0
Xiaomi Redmi Note 11 Pro Dual SIM 64 GB gris grafito 6 GB RAM,344,64 GB,6 GB,108 Mpx,16 Mpx,"6.67 """,1080 px x 2400 px,5000 mAh,202 g,164.19 mm x 76.1 mm x 8.12 mm,,2.05 GHz,8,12t-pro,xiaomi,759.0
Xiaomi Pocophone Poco X3 Pro Dual Sim 256gb 8gb Ram Yq3,240,256 GB,8 GB,48 Mpx,20 Mpx,"6.67 """,1080 px x 2400 px,5160 mAh,215 g,165.3 mm x 76.8 mm x 9.4 mm,,2.96 GHz,8,12t-pro,xiaomi,759.0
Xiaomi Mi 11T Pro Dual SIM 128 GB gris meteorito 8 GB RAM,519,128 GB,8 GB,108 Mpx,16 Mpx,"6.67 """,1080 px x 2400 px,5000 mAh,204 g,164.1 mm x 76.9 mm x 8.8 mm,,2.84 GHz,8,12t-pro,xiaomi,759.0
Xiaomi Note 11 Pro 128gb 6gbram 108mpx 5g 5000mah Local,309,128 GB,6 GB,50 Mpx,16 Mpx,"6.6 """,1080 px x 2400 px,5000 mAh,195 g,163.56 mm x 75.78 mm x 8.75 mm,,2.4 GHz,8,12t-pro,xiaomi,759.0
Xiaomi Redmi Note 10 Pro (Global) Dual SIM 128 GB verde aurora 6 GB RAM,274,128 GB,6 GB,108 Mpx,16 Mpx,"6.67 """,1080 px x 2400 px,5020 mAh,193 g,164 mm x 76.5 mm x 8.1 mm,,2.3 GHz,8,12t-pro,xiaomi,759.0
Xiaomi Redmi Note 11 Pro 5G (Snapdragon) Dual SIM 128 GB blanco polar 6 GB RAM,326,128 GB,6 GB,108 Mpx,16 Mpx,"6.67 """,1080 px x 2400 px,5000 mAh,202 g,164.19 mm x 76.1 mm x 8.12 mm,840 MHz,2.2 GHz,8,12t-pro,xiaomi,759.0
Xiaomi Pocophone M4 Pro 5G Dual SIM 128 GB poco yellow 6 GB RAM,249,128 GB,6 GB,50 Mpx,16 Mpx,"6.6 """,1080 px x 2400 px,5000 mAh,195 g,163.56 mm x 75.78 mm x 8.75 mm,,2.4 GHz,8,12t-pro,xiaomi,759.0
"Xiaomi Note 10 Pro 8gb/128gb Liberado, En Promoción",230,128 GB,8 GB,108 Mpx,32 Mpx,6.47 mm,1080 px x 2340 px,5260 mAh,208 g,157.8 mm x 74.2 mm x 9.67 mm,700 MHz,2.2 GHz,8,12t-pro,xiaomi,759.0
Xiaomi 12 Pro 5G Dual SIM 256 GB azul 8 GB RAM,994,256 GB,8 GB,50 Mpx,32 Mpx,"6.73 """,1440 px x 3200 px,4600 mAh,205 g,163.6 mm x 74.6 mm x 8.16 mm,,3 GHz,8,12t-pro,xiaomi,759.0
Redmi 11 Pro+ 5g (snapdragon) Dual Sim 128gb Black 6 Gb Ram,309,128 GB,6 GB,108 Mpx,16 Mpx,"6.67 """,1080 px x 2400 px,5000 mAh,202 g,164.2 mm x 76.1 mm x 8.1 mm,840 MHz,2.2 GHz,8,12t-pro,xiaomi,759.0
Xiaomi Poco M4 Pro 128gb 6gb 64mpx 5000mah 6.43 Pulgadas,202,128 GB,6 GB,64 Mpx,16 Mpx,"6.43 """,1080 px x 2400 px,5000 mAh,179.5 g,159.87 mm x 73.87 mm x 8.09 mm,,2.05 GHz,8,12t-pro,xiaomi,759.0
Xiaomi Note 10 Pro 128-8 Gb Ram Verde Y Azul Disponibles,280,128 GB,8 GB,108 Mpx,20 Mpx,"6.67 """,1080 px x 2340 px,4780 mAh,208 g,162.6 mm x 74.8 mm x 8.96 mm,670 MHz,3.2 GHz,8,12t-pro,xiaomi,759.0
Xiaomi Pocophone Poco X4 Pro 5g Dual Sim 128 Gb,250,128 GB,6 GB,108 Mpx,16 Mpx,"6.67 """,1080 px x 2400 px,5000 mAh,205 g,164.19 mm x 76.1 mm x 8.12 mm,840 MHz,2.2 GHz,8,12t-pro,xiaomi,759.0
Xiaomi Redmi K50 Gaming / K40 Pro / K40 Gamming / Poco X4 Gt,450,256 GB,12 GB,64 Mpx,20 Mpx,"6.67 """,1080 px x 2400 px,4700 mAh,210 g,162.5 mm x 76.7 mm x 8.5 mm,818 MHz,3 GHz,8,12t-pro,xiaomi,759.0
Xiaomi Poco M3 Pro 5g 128gb 6gb Ram 90hz 48mpx 5000 Mah 18w,198,128 GB,6 GB,48 Mpx,8 Mpx,"6.5 """,1080 px x 2400 px,5000 mAh,190 g,161.81 mm x 75.34 mm x 8.92 mm,950 MHz,2.2 GHz,8,12t-pro,xiaomi,759.0
Xiaomi Redmi Note 11 Pro 5g 128gb Y 6gb Ram,309,128 GB,6 GB,108 Mpx,16 Mpx,"6.67 """,1080 px x 2400 px,5000 mAh,202 g,164.19 mm x 76.1 mm x 8.12 mm,,2.05 GHz,8,12t-pro,xiaomi,759.0
Xiaomi Mi Note 10 Pro Dual Sim 256 Gb Negro 8 Gb Ram,250,256 GB,8 GB,108 Mpx,32 Mpx,"6.47 """,1080 px x 2340 px,5260 mAh,208 g,157.8 mm x 74.2 mm x 9.67 mm,700 MHz,2.2 GHz,8,12t-pro,xiaomi,759.0
Celular Xiaomi M4 Pro+256gb+8ram+50mp+5000mah+6.6 Fhd,289,256 GB,8 GB,50 Mpx,16 Mpx,"6.6 """,1080 px x 2400 px,5000 mAh,195 g,163.56 mm x 75.78 mm x 8.75 mm,,2.4 GHz,8,12t-pro,xiaomi,759.0
Xiaomi Poco X3 Pro Garantia+express,250,8 GB,128 GB,48 Mpx,20 Mpx,"6.67 """,1080 px x 2400 px,5160 mAh,215 g,165.3 mm x 76.8 mm x 9.4 mm,670 MHz,2.96 GHz,8,12t-pro,xiaomi,759.0
Xiaomi Pocophone Poco X4 Pro 5g Dual Sim 256gb Y 8gb Ram,340,256 GB,8 GB,108 Mpx,16 Mpx,"6.67 """,1080 px x 2400 px,5000 mAh,205 g,164.19 mm x 76.1 mm x 8.12 mm,840 MHz,2.2 GHz,8,12t-pro,xiaomi,759.0
